Customer_ID,Month,Age,Gender,Monthly_Income,Total_Purchases,Avg_Monthly_Spend,Tenure_Months,Churn
10001,2024-07,61,Female,61008,105,23767,97,No
10002,2024-04,46,Male,76920,40,48235,,Yes
10003,2024-11,24,Male,47875,59,42507,62,
10004,2024-08,45,Female,16626,77,7588,,No
10005,2024-05,26,Male,105815,14,32318,85,No
10006,2024-07,45,Female,78822,44,13322,76,No
10007,2024-10,23,Female,86765,104,37089,90,No
10008,2024-03,46,Male,,117,1936,29,No
10009,2024-07,,Female,48642,86,46165,102,No
10010,2024-11,,Male,53311,82,27781,99,No
10011,2024-11,40,Female,47356,48,22981,101,No
10012,2024-08,48,Female,18809,93,,110,No
10013,2024-05,20,Male,58371,43,,44,Yes
10014,2024-04,38,Female,,16,40987,109,No
10015,2024-08,43,,24465,110,23266,,
10016,2024-08,53,Male,81095,35,30237,29,No
10017,2024-03,59,,88844,53,21713,113,No
10018,2024-06,54,Male,80250,34,28855,88,No
10019,2024-05,39,Male,,,23037,59,No
10020,2024-02,,Male,30250,68,,15,No
10021,2024-08,29,Male,61023,118,,70,No
10022,2024-12,59,Male,116350,5,32824,96,No
10023,2024-06,30,Male,,10,31358,44,No
10024,2024-02,28,,31427,52,43350,98,No
10025,2024-12,33,Female,,29,13518,36,No
10026,2024-05,25,Female,86643,96,17981,,No
10027,2024-01,57,Male,94012,31,16084,57,Yes
10028,2024-12,57,Male,18439,66,10350,117,No
10029,2024-10,62,Male,100848,76,26201,64,No
10030,2024-06,19,Female,102331,91,41723,76,No
10031,2024-12,47,,93672,69,44452,99,No
10032,2024-09,47,Male,94703,37,46475,113,Yes
10033,2024-01,29,Male,32300,27,660,38,No
10034,2024-11,27,Female,75289,87,26332,,No
10035,2024-11,61,Male,,33,31710,27,No
10036,2024-10,28,Male,85507,68,22790,17,No
10037,2024-12,32,Female,65912,59,29941,63,No
10038,2024-12,33,Female,41909,64,25386,11,
10039,2024-03,34,Male,34659,85,32894,64,Yes
10040,2024-12,43,Male,46403,88,8918,119,No
10041,2024-07,19,,48586,44,,39,
10042,2024-04,29,Male,25360,95,37680,2,No
10043,2024-09,43,Male,36424,108,10614,115,No
10044,2024-03,40,Male,113035,112,,,Yes
10045,2024-05,35,Male,,,22472,54,No
10046,2024-03,49,Male,18065,49,18485,29,No
10047,2024-07,55,Female,83795,53,6388,,Yes
10048,2024-05,64,Male,27300,74,4218,88,No
10049,2024-09,20,Male,48370,49,32647,88,No
10050,2024-07,55,Female,84831,113,43882,80,No
10051,2024-02,20,Female,,114,18809,31,
10052,2024-04,47,Female,,66,19799,49,Yes
10053,2024-09,18,Female,35927,95,41711,107,No
10054,2024-12,47,Male,49579,63,22536,9,No
10055,2024-02,62,Female,24032,25,20385,,No
10056,2024-10,49,Female,108254,4,29846,56,No
10057,2024-09,45,,93413,51,48471,105,No
10058,2024-10,38,Female,55731,11,49637,78,Yes
10059,2024-05,63,,107202,17,27191,45,No
10060,2024-02,30,Female,68767,108,40542,89,No
10061,2024-04,44,Male,87302,66,49027,,No
10062,2024-12,,Female,64954,70,18486,108,No
10063,2024-12,24,,103365,73,28346,22,Yes
10064,2024-07,39,Female,100757,,48372,99,No
10065,2024-12,27,Male,40102,84,41901,33,No
10066,2024-08,56,Female,49433,29,8692,27,No
10067,2024-03,32,Male,30932,85,39769,40,
10068,2024-01,32,Male,40714,73,38987,26,No
10069,2024-04,21,Male,72803,,9912,83,Yes
10070,2024-02,49,Male,54743,119,16463,45,No
10071,2024-08,40,Female,17552,72,34123,103,No
10072,2024-04,23,Male,71627,95,,45,No
10073,2024-02,,Female,60987,20,5779,26,No
10074,2024-06,37,Male,94810,27,10912,70,No
10075,2024-06,54,Male,60380,8,8212,67,No
10076,2024-10,37,Male,44250,118,16317,6,No
10077,2024-04,29,Male,,85,28580,28,Yes
10078,2024-06,50,Male,79686,61,7124,67,Yes
10079,2024-02,45,Male,60028,,29626,13,No
10080,2024-10,25,Female,30295,,17079,63,Yes
10081,2024-12,18,Male,70248,70,15631,13,No
10082,2024-02,54,Male,95205,3,37962,77,No
10083,2024-10,39,Male,25523,69,47315,1,No
10084,2024-04,,Female,60530,73,,40,No
10085,2024-08,38,,28769,7,23875,37,No
10086,2024-07,49,Female,78042,60,26593,31,No
10087,2024-12,,Male,59645,4,45994,,No
10088,2024-09,32,Male,105743,103,33025,17,No
10089,2024-08,22,,77142,5,29530,9,No
10090,2024-05,63,Male,115760,11,44567,109,No
10091,2024-02,23,Male,40557,15,5707,64,Yes
10092,2024-05,42,Male,118727,64,11397,57,
10093,2024-08,,Male,94782,98,27139,13,Yes
10094,2024-10,57,Male,93382,13,3292,37,No
10095,2024-09,46,Female,52085,118,920,14,No
10096,2024-12,24,Male,,112,29724,75,Yes
10097,2024-12,,Female,66357,,19698,25,Yes
10098,2024-12,30,Male,,104,36108,95,Yes
10099,2024-09,55,Male,93712,6,,78,No
10100,2024-01,35,,94082,56,17915,57,No
10101,2024-09,19,Male,21805,64,40907,71,No
10102,2024-07,25,Female,97324,103,18375,88,Yes
10103,2024-09,28,Female,109884,,5475,113,No
10104,2024-08,50,Male,77028,30,26961,100,
10105,2024-01,55,,65772,22,21831,42,No
10106,2024-12,,Male,67104,25,17393,42,No
10107,2024-08,37,Female,88616,28,18743,47,
10108,2024-08,29,Male,116422,118,,116,Yes
10109,2024-11,60,Female,,84,,,No
10110,2024-03,48,Male,,39,2358,41,No
10111,2024-01,44,Female,113869,67,25989,3,
10112,2024-08,,Female,30701,5,,,
10113,2024-03,27,,29859,65,35333,108,No
10114,2024-03,20,,36183,15,47659,90,No
10115,2024-01,62,Female,55438,90,19850,111,No
10116,2024-11,44,Female,112285,67,13846,90,No
10117,2024-05,52,Male,112423,40,48505,1,No
10118,2024-10,48,Male,57244,105,7273,79,
10119,2024-07,32,Male,89312,111,29965,11,No
10120,2024-10,33,Male,30021,106,10288,101,No
10121,2024-09,30,Male,84863,98,32843,7,Yes
10122,2024-12,52,Female,70565,116,47362,12,No
10123,2024-07,28,Male,63043,69,37710,116,No
10124,2024-09,38,Female,88150,95,,38,No
10125,2024-08,,Male,79361,115,46463,54,No
10126,2024-12,47,Male,16245,77,,,Yes
10127,2024-02,52,Female,56011,43,36472,106,No
10128,2024-01,39,Female,25355,,17459,53,No
10129,2024-07,55,Female,,22,49850,90,
10130,2024-07,48,Female,63692,62,,118,No
10131,2024-08,31,Male,64004,79,34633,,No
10132,2024-05,41,Female,44714,26,24718,32,No
10133,2024-03,49,Male,32198,18,22234,100,
10134,2024-12,53,Male,81951,48,23328,45,No
10135,2024-08,49,Male,16652,9,17900,51,No
10136,2024-06,,Male,58625,,20502,37,No
10137,2024-11,60,Male,100982,107,33293,119,No
10138,2024-03,52,,33740,9,,59,Yes
10139,2024-01,20,,18810,23,,54,No
10140,2024-03,33,Male,31569,107,36726,18,No
10141,2024-05,22,Male,,,28432,1,No
10142,2024-03,38,Male,94120,2,,117,No
10143,2024-01,27,Male,41783,,31375,21,No
10144,2024-05,36,,114065,38,25546,28,No
10145,2024-10,42,Male,93047,40,24164,112,No
10146,2024-07,21,Female,24471,63,24953,16,No
10147,2024-07,46,Male,,82,5246,48,No
10148,2024-11,36,,78087,16,24473,28,No
10149,2024-09,60,Male,77071,117,13717,22,
10150,2024-10,19,Female,31065,93,,83,No
10151,2024-10,27,Male,98456,108,42335,112,No
10152,2024-12,60,Female,,75,,1,No
10153,2024-03,42,Male,63348,6,36309,95,No
10154,2024-07,,Male,34154,3,41033,116,No
10155,2024-01,36,,35229,14,5904,116,Yes
10156,2024-04,40,,67587,66,33839,42,No
10157,2024-04,41,Female,64713,96,29225,,No
10158,2024-05,28,Female,,95,9296,110,No
10159,2024-07,63,Female,36101,75,45880,104,No
10160,2024-07,51,Male,55391,86,48573,,No
10161,2024-11,45,Male,,67,21864,92,
10162,2024-04,22,Male,87723,114,41841,3,No
10163,2024-07,22,Female,110221,31,1736,95,Yes
10164,2024-11,,Male,74405,33,2880,80,Yes
10165,2024-03,29,Male,49948,88,40445,81,
10166,2024-06,21,Female,115264,1,15038,44,Yes
10167,2024-12,59,Female,68031,44,,27,No
10168,2024-02,37,Male,52921,,,51,No
10169,2024-10,55,Male,,37,34785,,No
10170,2024-09,42,Male,92007,27,18417,20,No
10171,2024-05,31,Male,43460,102,39155,32,No
10172,2024-06,28,Male,36071,48,11986,99,Yes
10173,2024-12,,Female,81118,27,37910,13,No
10174,2024-12,28,Female,63282,108,25946,112,No
10175,2024-12,35,Female,106725,,22203,,
10176,2024-12,44,Male,73445,67,44691,20,No
10177,2024-04,35,Female,96067,30,11899,112,No
10178,2024-11,40,Male,97208,96,39329,116,Yes
10179,2024-10,28,Female,69816,,,2,No
10180,2024-07,38,Female,100779,66,22741,68,No
10181,2024-12,61,Male,18060,7,4987,91,No
10182,2024-09,22,Male,28731,34,12518,60,Yes
10183,2024-07,40,Female,92830,,31325,89,Yes
10184,2024-01,,Male,35719,117,8250,4,Yes
10185,2024-01,42,Female,62042,39,18184,96,No
10186,2024-09,,Male,64116,96,43618,17,No
10187,2024-11,27,Female,41325,43,,1,No
10188,2024-09,39,Male,37597,43,15605,33,No
10189,2024-04,36,Male,82439,78,19413,,Yes
10190,2024-09,18,Female,29551,3,36528,5,No
10191,2024-03,,Male,108287,46,47842,118,No
10192,2024-07,21,Male,39278,32,46980,12,
10193,2024-06,18,Male,106189,43,18211,102,No
10194,2024-08,32,Male,30141,,25467,,No
10195,2024-11,57,Male,,81,36523,38,No
10196,2024-09,29,Male,48615,112,36505,17,Yes
10197,2024-05,39,,77751,3,27122,58,No
10198,2024-01,39,Male,42452,74,45701,118,Yes
10199,2024-03,64,Female,37725,117,9997,109,No
10200,2024-10,34,Male,,,16850,40,No
10201,2024-12,46,Male,90060,111,,96,No
10202,2024-08,63,,26698,40,23196,24,No
10203,2024-11,31,Male,,18,27970,12,No
10204,2024-06,37,,92850,67,31389,111,No
10205,2024-08,50,Male,17365,103,10724,95,Yes
10206,2024-09,60,Female,112553,62,42224,,No
10207,2024-04,32,Female,112662,10,5965,29,No
10208,2024-01,29,Female,58372,52,17382,85,
10209,2024-01,57,Female,59134,73,32703,90,No
10210,2024-10,37,Female,52823,46,28444,52,No
10211,2024-04,47,Male,86158,55,30337,92,No
10212,2024-12,55,Male,111076,46,3444,17,Yes
10213,2024-07,20,,16949,75,24836,73,Yes
10214,2024-02,45,Male,64396,60,39124,21,Yes
10215,2024-03,43,Male,46912,97,45264,114,No
10216,2024-01,47,Female,71947,100,32296,,No
10217,2024-05,30,Male,112697,26,,98,
10218,2024-01,30,,59387,27,45920,75,No
10219,2024-08,,Female,,38,24722,119,No
10220,2024-01,54,Female,31508,,,20,No
10221,2024-11,55,Female,60592,26,635,,No
10222,2024-01,19,Male,16919,86,16273,53,Yes
10223,2024-02,53,Male,,69,42560,114,No
10224,2024-02,43,Female,24617,35,26947,111,No
10225,2024-12,28,Male,90268,66,4533,103,
10226,2024-06,25,Female,48298,,20997,80,No
10227,2024-07,61,,21929,73,14678,63,No
10228,2024-05,57,Male,117653,115,7046,57,No
10229,2024-01,60,Male,,51,8896,29,No
10230,2024-01,39,,101676,113,21478,1,No
10231,2024-03,37,Male,98721,18,43831,82,Yes
10232,2024-02,25,Female,52924,43,13382,59,Yes
10233,2024-05,46,Male,39240,12,17445,64,Yes
10234,2024-12,57,,102381,3,22284,86,No
10235,2024-10,43,Female,24228,82,3814,72,No
10236,2024-06,47,Female,36686,102,19095,71,Yes
10237,2024-07,34,Female,26920,7,19255,89,No
10238,2024-04,,Male,22432,97,32811,94,No
10239,2024-07,33,Male,78575,6,46195,98,No
10240,2024-11,63,Female,86725,82,31098,44,No
10241,2024-08,60,Male,,45,35949,,No
10242,2024-11,24,Female,48910,,36074,105,No
10243,2024-01,33,,45226,,,,No
10244,2024-06,62,Female,88150,39,19139,75,No
10245,2024-08,64,Female,74099,51,,15,Yes
10246,2024-05,,Female,101760,,31523,35,No
10247,2024-04,,Female,,99,9592,23,Yes
10248,2024-02,41,Male,36446,23,6882,,No
10249,2024-06,26,Male,118193,,43210,45,No
10250,2024-06,52,Male,85375,116,3659,85,No
10251,2024-11,37,Female,,88,6156,92,No
10252,2024-01,54,Female,117261,62,1952,13,Yes
10253,2024-09,59,Female,110739,114,,,
10254,2024-12,34,Male,15557,104,19206,38,No
10255,2024-11,64,Female,45666,73,10362,70,No
10256,2024-06,48,Male,52389,77,10719,108,No
10257,2024-03,25,Female,62700,40,23981,68,Yes
10258,2024-04,32,Female,114143,54,35036,5,Yes
10259,2024-12,48,Male,39578,106,6596,119,No
10260,2024-11,47,Male,89779,81,38453,40,No
10261,2024-04,63,Female,24596,7,12355,70,No
10262,2024-03,37,Female,72500,17,43762,21,No
10263,2024-10,56,Male,87534,119,14960,28,No
10264,2024-03,29,,25129,50,34437,3,No
10265,2024-03,34,Female,78394,24,21594,23,No
10266,2024-04,59,,81046,2,39858,72,
10267,2024-07,47,Male,26596,99,28424,,Yes
10268,2024-04,,Female,80355,92,,117,No
10269,2024-09,,Female,27974,83,623,75,No
10270,2024-01,63,Female,,33,48894,,Yes
10271,2024-08,28,Female,108433,21,6409,74,No
10272,2024-07,51,Male,85202,117,32354,58,No
10273,2024-02,24,Male,89442,74,4396,92,No
10274,2024-08,61,Male,36818,53,41334,20,No
10275,2024-01,,Male,58246,46,42641,108,No
10276,2024-11,37,Male,70598,45,17611,116,No
10277,2024-12,,Male,,9,7539,92,No
10278,2024-09,41,,48758,102,45344,93,No
10279,2024-09,27,Male,39204,6,24599,72,No
10280,2024-02,49,Female,49928,51,,83,No
10281,2024-07,32,Female,68609,117,43835,53,
10282,2024-10,54,Female,45552,106,15529,112,Yes
10283,2024-03,37,Male,25336,119,32311,85,Yes
10284,2024-07,20,Female,62037,35,16293,82,No
10285,2024-12,54,Female,31206,82,41818,,No
10286,2024-10,57,Female,49831,53,,,No
10287,2024-09,25,Female,,19,20626,41,No
10288,2024-04,57,,33361,69,19728,25,Yes
10289,2024-12,61,Female,56335,25,19095,34,Yes
10290,2024-01,40,Male,89469,11,1472,73,No
10291,2024-02,57,Female,,,860,9,No
10292,2024-01,,Male,30619,17,3132,82,No
10293,2024-12,63,Female,118223,36,36458,75,No
10294,2024-05,25,Male,107479,,38216,13,No
10295,2024-05,46,Male,41819,95,15846,102,No
10296,2024-11,47,Female,26741,96,48822,9,No
10297,2024-07,27,Female,23798,21,18508,80,No
10298,2024-09,56,Male,,18,12620,4,No
10299,2024-09,,Female,64695,60,30783,34,Yes
10300,2024-03,53,Female,47747,18,8318,7,
10301,2024-03,30,Male,114187,1,5619,15,No
10302,2024-03,49,Female,36182,14,31079,38,No
10303,2024-04,53,Male,24415,,46221,75,No
10304,2024-08,54,Female,26085,66,48168,96,
10305,2024-06,43,Female,,51,30337,91,Yes
10306,2024-08,39,Male,102638,79,1475,94,No
10307,2024-01,21,Male,33452,60,16765,52,No
10308,2024-08,48,Male,79075,34,4818,81,No
10309,2024-04,35,Female,23120,36,35581,100,No
10310,2024-11,55,Female,79385,62,42015,83,No
10311,2024-01,41,Female,88356,1,43569,7,Yes
10312,2024-08,40,Male,33170,115,,107,Yes
10313,2024-04,39,Male,31259,85,13634,45,Yes
10314,2024-06,19,Male,37099,42,39932,59,No
10315,2024-08,,Male,,1,46650,21,No
10316,2024-04,28,Female,110791,96,11341,28,No
10317,2024-03,45,Female,74258,84,26635,3,No
10318,2024-09,63,Female,56037,54,12927,,No
10319,2024-03,49,Male,26805,47,40751,2,No
10320,2024-09,22,,58147,,34631,29,No
10321,2024-02,,Female,89280,39,37227,18,No
10322,2024-02,27,,61053,30,25665,37,No
10323,2024-02,57,Female,112841,,2249,45,No
10324,2024-06,63,Male,,22,33808,45,No
10325,2024-03,,Male,91215,50,8134,24,
10326,2024-09,52,Female,110365,45,11114,46,No
10327,2024-04,61,Male,25985,74,25366,12,No
10328,2024-01,40,Male,108823,72,,53,No
10329,2024-04,34,Female,27391,91,20819,45,Yes
10330,2024-01,18,Female,19861,,37226,32,No
10331,2024-05,48,Female,78582,14,15912,18,No
10332,2024-04,48,Male,66928,,37127,13,Yes
10333,2024-08,59,Male,49364,116,8550,4,No
10334,2024-08,59,Female,97399,118,25083,23,Yes
10335,2024-07,51,,112035,75,18541,62,No
10336,2024-03,26,Female,108330,6,6685,54,Yes
10337,2024-01,39,,57923,21,21312,74,Yes
10338,2024-01,30,Female,22919,62,26332,55,No
10339,2024-12,42,Female,70896,97,17923,69,
10340,2024-11,35,Male,100818,19,47656,114,No
10341,2024-03,29,Female,62396,103,,40,No
10342,2024-06,57,Female,49840,88,37286,14,No
10343,2024-07,34,Female,57255,82,,98,No
10344,2024-06,32,Female,86160,99,10489,28,No
10345,2024-06,59,Female,,,18708,,No
10346,2024-06,32,Male,23176,62,23554,80,No
10347,2024-03,,Female,48529,107,30977,95,Yes
10348,2024-06,56,Male,71406,101,30874,71,Yes
10349,2024-08,30,Female,27941,83,41720,67,No
10350,2024-11,34,Male,16669,53,4071,29,No
10351,2024-11,49,Male,100782,24,20076,100,No
10352,2024-02,26,Male,59859,56,10180,61,No
10353,2024-05,57,Female,70786,62,26206,103,No
10354,2024-01,37,Male,66083,34,14818,68,No
10355,2024-12,43,Male,55076,22,21159,9,No
10356,2024-01,44,Female,35323,68,5529,119,No
10357,2024-05,38,Male,114430,57,48936,17,No
10358,2024-12,35,,21021,10,3274,49,No
10359,2024-03,30,,119741,,,63,No
10360,2024-04,33,Female,54807,8,14548,84,No
10361,2024-03,26,Male,65355,,33872,78,No
10362,2024-01,29,Female,117439,,43688,46,No
10363,2024-01,61,Male,59732,,41633,93,No
10364,2024-12,55,Female,,62,15189,13,No
10365,2024-12,36,Male,78079,28,17237,100,No
10366,2024-05,,,22904,10,16514,45,No
10367,2024-06,,Male,79033,45,,53,No
10368,2024-03,35,Female,115587,65,33701,17,No
10369,2024-12,33,Female,101478,98,11644,,
10370,2024-09,56,Female,104787,67,31501,62,No
10371,2024-05,21,Male,,9,1367,50,
10372,2024-08,42,,105594,5,27682,43,Yes
10373,2024-01,49,Female,115781,,14840,68,Yes
10374,2024-05,57,Female,18093,10,12337,84,No
10375,2024-03,30,Male,39918,12,47559,75,
10376,2024-12,62,Female,87743,82,9287,106,No
10377,2024-01,34,Male,77636,58,,86,No
10378,2024-04,54,Male,73806,21,12556,109,No
10379,2024-05,23,Male,24394,21,43660,118,No
10380,2024-07,36,Female,107510,65,45457,72,No
10381,2024-01,30,Male,108708,,,28,No
10382,2024-03,,Male,112819,69,46409,,
10383,2024-02,31,Female,,89,32399,41,No
10384,2024-09,48,Female,28280,64,32721,94,No
10385,2024-10,,Male,51303,49,,97,No
10386,2024-06,56,Female,42453,72,,97,No
10387,2024-10,,Male,,17,21405,111,No
10388,2024-03,42,Male,,73,24583,118,Yes
10389,2024-08,30,Male,40765,,41598,36,No
10390,2024-08,49,Female,17340,70,30121,91,No
10391,2024-02,55,Male,106715,113,21077,84,No
10392,2024-06,55,Male,108409,104,37228,33,
10393,2024-07,45,Male,53057,21,1163,25,Yes
10394,2024-02,47,Female,15597,7,47801,108,
10395,2024-11,20,Male,,7,19716,107,No
10396,2024-10,,Male,109655,111,47759,19,No
10397,2024-02,20,Male,30025,103,9765,47,No
10398,2024-10,62,Male,,118,5074,85,No
10399,2024-01,51,Female,116206,27,,106,No
10400,2024-08,33,Female,70797,8,31741,33,No
10401,2024-01,39,Male,56723,73,23176,67,Yes
10402,2024-09,49,Male,88230,28,22061,14,No
10403,2024-11,55,Male,,,,79,No
10404,2024-06,25,Male,,66,23890,33,Yes
10405,2024-07,25,Male,38752,71,26576,42,No
10406,2024-10,23,Female,91025,47,6046,86,No
10407,2024-07,31,,113228,82,21780,65,No
10408,2024-10,49,,96304,86,33453,95,Yes
10409,2024-03,52,Female,77040,114,21537,47,No
10410,2024-02,27,Female,82696,10,41076,35,No
10411,2024-09,20,Female,79648,118,29064,117,Yes
10412,2024-08,29,Male,70030,114,34097,84,No
10413,2024-12,48,Female,71815,33,20403,32,No
10414,2024-10,,Female,100669,7,31306,55,Yes
10415,2024-07,22,Female,,3,46828,54,No
10416,2024-09,42,Female,103406,14,24892,76,No
10417,2024-04,,Male,105032,,28587,51,No
10418,2024-04,48,Male,72923,46,44788,80,No
10419,2024-01,38,,51572,61,44808,59,No
10420,2024-08,37,Male,69030,36,22793,72,No
10421,2024-12,56,Female,82904,13,11177,14,
10422,2024-03,39,,117236,16,13303,18,Yes
10423,2024-07,,Female,44203,80,47156,55,No
10424,2024-12,30,Female,,118,46502,94,No
10425,2024-02,62,Male,20608,5,1725,97,No
10426,2024-02,59,Male,60667,116,6274,98,No
10427,2024-07,37,Female,70547,89,13543,56,No
10428,2024-06,30,Female,37485,38,16663,,Yes
10429,2024-03,34,Female,24862,102,3344,,No
10430,2024-09,53,Male,118835,50,7847,98,No
10431,2024-10,50,Male,90948,38,21304,60,Yes
10432,2024-06,18,,101890,,37264,,
10433,2024-10,,Male,86880,56,27746,53,No
10434,2024-10,30,Female,72560,63,42958,71,No
10435,2024-06,34,Male,98529,,2188,6,No
10436,2024-01,41,Female,109218,105,47555,70,No
10437,2024-04,25,,43415,90,17751,86,No
10438,2024-10,44,Female,79523,59,13004,8,
10439,2024-06,62,Male,34323,77,40220,101,No
10440,2024-06,40,Female,68214,,28084,15,No
10441,2024-11,63,Female,32997,115,44984,26,No
10442,2024-12,25,Male,72003,90,49031,39,No
10443,2024-05,25,Female,18679,55,,3,
10444,2024-01,43,Female,110025,55,13719,57,No
10445,2024-08,64,Female,55308,1,43472,10,No
10446,2024-05,30,Female,90024,8,25315,3,No
10447,2024-12,56,Male,54842,4,49365,94,No
10448,2024-12,54,Male,80408,85,25123,46,No
10449,2024-12,45,Male,84532,86,37317,22,
10450,2024-05,42,,68938,115,3957,67,No
10451,2024-07,,Female,20695,53,28355,65,No
10452,2024-04,19,Female,110740,58,36758,97,No
10453,2024-06,35,Male,73499,37,15970,19,No
10454,2024-04,34,Male,38382,49,49457,100,
10455,2024-03,47,Female,29235,67,46430,62,No
10456,2024-07,56,Female,77223,19,18781,98,Yes
10457,2024-08,30,Male,17366,1,12228,57,No
10458,2024-04,49,Female,42467,29,46180,,No
10459,2024-02,,Male,74316,87,39223,107,Yes
10460,2024-12,63,Male,21764,33,10662,88,No
10461,2024-10,47,Female,105896,119,29772,76,
10462,2024-03,35,Male,76836,52,,13,No
10463,2024-01,30,,,,,16,No
10464,2024-08,60,Male,110711,23,11838,16,No
10465,2024-03,,Male,31292,5,22796,115,No
10466,2024-12,,Male,16614,71,12175,119,Yes
10467,2024-10,38,Female,35939,57,24570,52,Yes
10468,2024-07,,Male,33800,,,117,Yes
10469,2024-10,,Female,71440,49,47639,84,Yes
10470,2024-05,,Male,38246,22,,41,No
10471,2024-10,32,Male,67805,113,10519,48,No
10472,2024-05,26,Male,,77,41682,91,No
10473,2024-07,27,Female,71851,76,2246,39,Yes
10474,2024-09,61,Female,46688,4,23268,13,No
10475,2024-12,48,Male,108498,72,8825,4,No
10476,2024-05,40,Female,44764,64,45263,96,No
10477,2024-01,47,,47470,37,4986,,Yes
10478,2024-10,50,Male,53501,31,16985,104,No
10479,2024-10,26,Female,72207,37,14828,,
10480,2024-01,,Male,77157,45,19612,103,No
10481,2024-02,18,,18216,90,44501,43,No
10482,2024-06,61,Female,37072,107,32780,81,
10483,2024-09,52,,108778,8,27076,,No
10484,2024-08,,Female,52132,40,,93,
10485,2024-05,,Male,32861,97,16202,46,No
10486,2024-01,33,,79186,109,21820,92,No
10487,2024-07,26,Male,19960,93,18937,,No
10488,2024-05,49,Male,33781,5,693,47,No
10489,2024-06,32,Female,46126,28,25817,86,No
10490,2024-07,29,Female,37578,117,,92,No
10491,2024-03,50,,32883,104,19843,53,No
10492,2024-12,62,Male,44782,81,29644,25,Yes
10493,2024-10,31,Female,71387,119,12112,41,No
10494,2024-03,25,Female,31979,87,19807,3,No
10495,2024-05,25,Male,48746,109,20123,77,No
10496,2024-06,44,Male,81266,9,20749,95,Yes
10497,2024-09,,Male,15056,2,8729,13,Yes
10498,2024-12,18,Male,46457,63,26774,105,No
10499,2024-05,60,,17243,96,37834,18,No
10500,2024-01,57,Female,70031,51,7095,37,Yes
10501,2024-04,59,Female,16701,116,,43,
10502,2024-05,28,,71381,113,38877,34,No
10503,2024-12,56,Male,65438,31,38376,81,No
10504,2024-10,60,Female,88839,,35051,55,Yes
10505,2024-10,48,Male,95636,,43426,52,No
10506,2024-05,34,Female,81483,58,25178,,No
10507,2024-07,50,Male,35505,3,22714,36,
10508,2024-04,49,,21553,51,39099,54,No
10509,2024-01,46,Male,48525,115,33309,59,No
10510,2024-05,38,Male,95402,56,44454,114,No
10511,2024-07,38,Female,111008,73,28294,,Yes
10512,2024-10,57,Male,59348,10,23093,104,Yes
10513,2024-10,40,Female,86187,61,29364,19,No
10514,2024-06,23,Male,22273,110,44829,,Yes
10515,2024-05,39,Female,79236,50,43136,92,Yes
10516,2024-04,55,Male,90569,47,,11,No
10517,2024-02,54,Male,18535,,40863,48,No
10518,2024-04,62,Male,33677,,15187,101,No
10519,2024-10,25,Female,98024,94,20881,92,
10520,2024-10,58,Male,15908,57,33593,99,No
10521,2024-03,52,Male,85153,38,24089,108,No
10522,2024-10,28,Male,110967,62,1620,,Yes
10523,2024-01,41,Male,103989,79,16991,16,Yes
10524,2024-08,38,Female,50079,,44138,109,Yes
10525,2024-05,19,Female,96556,70,39562,71,Yes
10526,2024-04,57,Male,64323,82,5693,,No
10527,2024-08,36,Female,60320,65,24108,67,No
10528,2024-07,56,Female,,62,15713,,No
10529,2024-02,45,Male,104909,56,,76,No
10530,2024-01,34,Female,,67,14730,,No
10531,2024-12,23,Male,45164,17,18923,89,No
10532,2024-11,36,Female,16885,112,17687,61,Yes
10533,2024-04,55,Male,72819,8,10540,44,No
10534,2024-08,45,Female,16049,60,1266,50,No
10535,2024-12,19,Female,68281,113,30449,35,Yes
10536,2024-02,55,Male,58271,40,46964,76,No
10537,2024-03,,Male,81697,81,4027,61,No
10538,2024-12,21,,81351,89,11521,119,No
10539,2024-01,39,Male,51534,,18372,85,No
10540,2024-01,43,Female,108034,41,37397,90,
10541,2024-03,60,,73097,12,12258,55,No
10542,2024-11,53,Female,68813,93,19257,66,No
10543,2024-05,30,Female,,89,25912,14,No
10544,2024-12,49,Female,51007,115,14812,110,No
10545,2024-03,34,Female,94478,100,,4,Yes
10546,2024-01,58,Female,42278,,12304,17,No
10547,2024-01,53,Female,23272,54,,111,
10548,2024-08,63,Male,72183,89,11483,112,No
10549,2024-10,36,,114173,93,30499,69,
10550,2024-11,52,Female,53294,11,31057,24,
10551,2024-12,63,Male,88277,60,40258,49,No
10552,2024-12,57,Female,77509,68,29288,55,No
10553,2024-02,45,Female,19694,78,32450,,No
10554,2024-03,18,Male,,46,4483,23,No
10555,2024-02,59,Female,,38,4268,,No
10556,2024-03,35,Male,82470,61,2004,81,No
10557,2024-07,,Female,36556,,2950,12,No
10558,2024-01,50,Male,79471,66,,11,No
10559,2024-10,29,Female,64855,,8502,115,No
10560,2024-08,25,Female,64086,36,10391,75,Yes
10561,2024-10,,Male,,74,39287,98,Yes
10562,2024-10,33,,86695,7,14398,111,No
10563,2024-10,21,Female,,100,10972,101,
10564,2024-02,55,Male,44158,,15764,114,No
10565,2024-03,61,Female,35293,14,18191,29,No
10566,2024-09,44,Female,60761,80,43987,62,No
10567,2024-07,26,Male,114468,25,33132,53,No
10568,2024-04,64,Male,48387,105,34243,117,Yes
10569,2024-10,33,Male,55750,4,43516,48,No
10570,2024-05,29,Male,83602,29,13502,100,No
10571,2024-02,48,Female,,56,47481,91,No
10572,2024-11,,Female,115641,6,,119,
10573,2024-08,31,Male,20594,1,28750,106,No
10574,2024-04,,Male,17460,39,43888,86,No
10575,2024-09,42,Male,,1,,66,Yes
10576,2024-05,51,,69698,115,4233,111,
10577,2024-09,20,Male,116746,104,41819,100,No
10578,2024-04,41,,31191,,2723,48,No
10579,2024-10,59,Female,,57,17368,94,No
10580,2024-05,26,Male,25529,67,34696,59,No
10581,2024-09,43,Female,47175,65,2580,71,No
10582,2024-08,37,Female,32675,65,14276,57,Yes
10583,2024-03,57,Female,58158,103,1195,76,No
10584,2024-01,27,,61798,21,33469,3,
10585,2024-03,36,Male,85910,,,81,Yes
10586,2024-04,20,Male,40976,30,16128,105,Yes
10587,2024-02,41,Female,78116,96,8765,32,No
10588,2024-01,22,Male,93678,33,25171,8,No
10589,2024-07,20,Male,,48,12960,87,No
10590,2024-08,44,Male,27204,22,3977,102,No
10591,2024-07,33,Male,70665,94,,30,No
10592,2024-05,,Female,22394,,48810,15,No
10593,2024-12,52,Male,79814,110,24374,,No
10594,2024-01,29,Female,48593,4,47892,55,No
10595,2024-07,58,Female,56964,87,41717,38,No
10596,2024-07,,Male,92188,55,12350,,No
10597,2024-09,43,Male,114276,,39585,30,Yes
10598,2024-03,64,Female,68365,89,21309,,No
10599,2024-09,51,Male,15443,12,5850,64,Yes
10600,2024-01,,Female,104439,81,3306,,No
10601,2024-01,48,Female,114058,117,7663,,No
10602,2024-04,37,Male,,79,29332,109,No
10603,2024-09,29,Female,63791,74,685,78,No
10604,2024-06,40,Female,101655,99,41338,67,No
10605,2024-11,21,Male,90899,119,,36,No
10606,2024-03,40,Female,58665,116,,90,No
10607,2024-01,18,Female,,52,25715,78,No
10608,2024-04,42,Male,112077,93,28825,31,No
10609,2024-12,19,Female,18465,76,18958,78,No
10610,2024-09,,,83247,,16506,40,
10611,2024-03,,,66559,65,29044,74,No
10612,2024-12,38,Female,,10,33469,73,No
10613,2024-09,42,Female,69740,,11784,46,Yes
10614,2024-07,37,Male,,47,,104,No
10615,2024-12,39,,53515,66,28155,107,
10616,2024-04,38,Male,104144,,29643,42,No
10617,2024-03,50,Female,42898,72,16198,18,Yes
10618,2024-10,55,Male,16919,22,35370,100,No
10619,2024-05,32,Male,65070,86,9602,36,No
10620,2024-05,63,Male,77613,26,2071,76,Yes
10621,2024-03,,,111707,90,38393,50,No
10622,2024-12,63,Male,,9,39965,61,Yes
10623,2024-09,42,Female,97501,21,22053,40,No
10624,2024-04,38,Male,62003,95,19043,3,No
10625,2024-11,41,Male,63478,116,29401,82,No
10626,2024-05,22,Male,29434,63,14534,7,No
10627,2024-04,23,Female,61246,107,27620,31,
10628,2024-05,60,Male,51649,6,1829,65,Yes
10629,2024-07,61,Male,74030,14,41920,95,No
10630,2024-09,64,Male,68061,33,25882,64,No
10631,2024-07,40,Male,16999,71,4199,118,No
10632,2024-05,21,,29849,24,39295,77,Yes
10633,2024-10,44,,91439,73,11167,93,Yes
10634,2024-10,35,Male,,75,38091,3,No
10635,2024-07,38,Female,20445,87,42615,93,No
10636,2024-10,45,,115932,112,23959,35,No
10637,2024-05,52,Male,33040,51,7459,15,No
10638,2024-03,39,Female,79315,,30081,21,
10639,2024-07,57,,15246,15,,62,No
10640,2024-11,,Male,46153,35,6710,83,No
10641,2024-11,,Male,20212,36,13017,28,No
10642,2024-02,57,,18339,116,13120,4,No
10643,2024-12,27,Female,103678,118,37244,109,No
10644,2024-09,42,Male,71238,92,23304,,No
10645,2024-10,25,Male,34394,39,31068,79,No
10646,2024-10,28,Male,68871,108,,51,No
10647,2024-12,22,Female,115672,4,9412,48,Yes
10648,2024-01,62,Female,92722,64,33027,39,Yes
10649,2024-06,54,,,74,31363,96,No
10650,2024-07,62,Male,67055,,45327,67,Yes
10651,2024-08,55,Female,119509,57,33958,94,No
10652,2024-10,46,Female,19395,30,20907,58,Yes
10653,2024-09,22,Male,30290,118,12844,84,No
10654,2024-02,26,Male,102687,,36705,2,No
10655,2024-11,19,,80078,99,2855,114,Yes
10656,2024-10,,Female,18691,113,31393,,No
10657,2024-02,57,Female,22470,107,1249,11,No
10658,2024-05,47,Female,18841,74,,1,No
10659,2024-05,28,Male,117652,117,,48,No
10660,2024-06,45,Female,78197,96,46115,,Yes
10661,2024-03,61,Female,70773,106,39026,48,No
10662,2024-08,29,Female,32776,106,18588,10,No
10663,2024-01,56,,86596,,44905,81,No
10664,2024-06,43,Female,42584,90,39342,30,No
10665,2024-04,30,Male,19300,15,46646,35,Yes
10666,2024-01,25,Female,18338,17,24903,114,No
10667,2024-07,45,Male,77601,91,47797,19,No
10668,2024-09,,Male,20487,18,38542,110,Yes
10669,2024-04,,Male,51282,115,47275,53,No
10670,2024-04,56,Male,,19,39677,34,
10671,2024-06,48,Female,110798,76,39556,32,Yes
10672,2024-12,38,Female,91816,88,23213,76,No
10673,2024-03,64,Female,,69,1385,107,No
10674,2024-12,51,Female,24915,24,34132,81,No
10675,2024-06,48,Male,26158,91,40185,6,No
10676,2024-07,42,Female,89157,,12186,115,
10677,2024-11,29,Male,,30,3554,13,No
10678,2024-10,18,Male,103713,15,,,Yes
10679,2024-10,,Female,17459,,25532,,
10680,2024-03,57,Male,43768,102,49467,75,No
10681,2024-07,,Male,78146,44,9036,64,No
10682,2024-03,,Female,118577,98,,7,No
10683,2024-02,18,Female,65870,,17437,45,No
10684,2024-12,18,Male,,84,22000,45,No
10685,2024-10,59,,65460,64,40951,85,
10686,2024-04,59,Female,97970,41,10511,65,No
10687,2024-12,38,Female,75817,96,48539,94,No
10688,2024-08,32,Male,53247,68,9396,19,No
10689,2024-09,,Female,,5,30299,,No
10690,2024-07,39,Female,115553,53,15082,,No
10691,2024-01,55,Female,50577,8,40458,47,No
10692,2024-03,52,Female,17921,22,42412,46,Yes
10693,2024-12,62,Male,,106,1314,29,No
10694,2024-09,,Male,100961,7,10240,99,No
10695,2024-12,25,Female,115721,22,25219,117,No
10696,2024-01,64,Male,64684,46,36045,84,No
10697,2024-09,34,Female,28463,30,20650,,Yes
10698,2024-08,34,Male,,101,5458,61,No
10699,2024-01,43,,55935,16,4325,103,No
10700,2024-06,30,,82005,79,15300,65,No
10701,2024-05,34,Male,73596,5,10499,23,No
10702,2024-06,55,Male,87828,67,21354,95,No
10703,2024-10,34,Female,105945,23,46232,51,No
10704,2024-12,31,,104062,61,27815,63,No
10705,2024-05,62,Male,70152,74,40040,99,Yes
10706,2024-06,23,Male,104001,5,,116,No
10707,2024-05,52,Female,111491,23,49005,111,No
10708,2024-11,63,Female,107321,79,17746,109,Yes
10709,2024-12,31,Male,101569,82,23101,22,No
10710,2024-05,64,Female,87467,25,11177,110,No
10711,2024-04,25,Male,67576,8,30052,71,No
10712,2024-03,32,Male,81627,95,22822,33,No
10713,2024-03,44,Male,40772,21,2855,109,No
10714,2024-04,30,Male,31363,2,9657,100,No
10715,2024-09,48,Male,43490,22,35663,44,No
10716,2024-02,52,Female,,72,26414,7,No
10717,2024-09,,Male,68806,87,33792,91,No
10718,2024-01,22,Male,15260,96,1061,2,No
10719,2024-01,39,Male,90992,72,8667,17,
10720,2024-05,,,37320,68,16684,,Yes
10721,2024-06,42,Male,93971,64,24997,58,
10722,2024-06,51,Male,57145,94,24300,110,Yes
10723,2024-03,43,Female,78688,,37932,30,No
10724,2024-07,64,,63581,87,1705,86,No
10725,2024-09,22,Male,107561,82,12539,92,No
10726,2024-11,43,Female,108645,53,45661,117,Yes
10727,2024-12,37,Female,35754,93,35506,97,No
10728,2024-10,23,Female,84837,,,26,No
10729,2024-08,23,Male,22207,97,13487,35,No
10730,2024-06,35,Female,42920,52,5739,63,No
10731,2024-12,,Male,102739,47,,75,
10732,2024-08,34,Female,,82,23858,,No
10733,2024-12,31,Female,39016,54,49723,28,No
10734,2024-05,31,Male,111634,44,17638,25,No
10735,2024-08,,Female,75522,97,23484,61,No
10736,2024-10,24,Male,89092,,28928,105,No
10737,2024-12,61,Female,69068,115,,31,No
10738,2024-04,32,Female,35102,92,48082,54,No
10739,2024-10,36,Male,,1,25036,67,Yes
10740,2024-08,60,Male,16924,63,46559,97,No
10741,2024-10,64,,100015,103,3121,51,No
10742,2024-12,61,Male,119987,98,36458,,
10743,2024-02,52,Male,69333,39,4448,34,
10744,2024-12,34,Male,99458,19,1787,59,No
10745,2024-12,52,Female,99196,31,24402,,No
10746,2024-05,36,Female,61099,,47858,56,Yes
10747,2024-09,37,Male,72346,24,,37,No
10748,2024-04,53,Male,90481,69,16168,,Yes
10749,2024-11,52,Male,65062,87,,113,No
10750,2024-06,49,Male,15306,83,32738,,No
10751,2024-01,,Male,103495,,39468,101,No
10752,2024-09,,Female,84767,,16262,119,Yes
10753,2024-01,41,Male,119332,59,,85,No
10754,2024-05,34,Male,27207,114,7713,78,No
10755,2024-04,24,Male,54426,33,15441,,Yes
10756,2024-12,60,,21336,,30845,,Yes
10757,2024-03,18,,90166,,35684,,No
10758,2024-06,52,Female,32256,92,16464,93,Yes
10759,2024-02,49,Male,114445,,27355,63,No
10760,2024-03,53,Male,64817,41,18468,104,No
10761,2024-05,30,Male,48719,12,1546,62,No
10762,2024-09,23,Male,57017,73,15409,72,Yes
10763,2024-02,31,Female,60704,114,14078,103,No
10764,2024-10,54,Female,45013,,23868,77,No
10765,2024-08,32,Female,94991,11,29099,110,No
10766,2024-02,64,Female,85258,97,6219,,No
10767,2024-11,21,Male,93348,19,16460,75,
10768,2024-05,57,Female,110812,54,,2,No
10769,2024-07,33,Male,,57,48866,113,No
10770,2024-08,45,Male,25060,42,16124,6,No
10771,2024-01,33,Female,93592,98,39679,29,Yes
10772,2024-06,21,Male,21655,71,41342,,Yes
10773,2024-01,62,Male,103110,31,10852,51,No
10774,2024-02,43,Male,64923,52,,5,No
10775,2024-01,45,Female,,2,15503,,No
10776,2024-11,49,Female,19030,83,9723,62,Yes
10777,2024-05,62,Male,104779,,31933,30,No
10778,2024-10,19,Female,48289,32,13218,103,No
10779,2024-09,48,Male,34739,10,1815,62,No
10780,2024-06,20,Male,114704,105,22053,100,No
10781,2024-11,25,Female,76687,8,25182,27,No
10782,2024-11,41,Female,51491,90,19964,50,
10783,2024-01,32,,110549,94,42204,82,No
10784,2024-01,60,Male,87115,75,31919,52,No
10785,2024-02,48,Female,98778,105,14267,49,No
10786,2024-09,26,Female,19781,,6966,,No
10787,2024-03,56,,35448,20,31528,100,No
10788,2024-01,62,Male,66550,9,,60,No
10789,2024-05,,Female,64294,72,38358,118,No
10790,2024-07,25,Female,36446,15,4740,80,No
10791,2024-06,24,Male,91579,98,31959,54,
10792,2024-12,61,Female,100389,88,25896,,Yes
10793,2024-01,56,Male,,97,17295,,Yes
10794,2024-05,59,Female,,105,25189,,Yes
10795,2024-05,33,Female,81178,105,15410,34,No
10796,2024-06,52,Female,43016,109,2946,,Yes
10797,2024-03,47,Female,33932,,3846,36,No
10798,2024-05,27,Female,59653,104,,95,Yes
10799,2024-07,55,Male,105481,,49737,116,No
10800,2024-05,35,Male,67802,21,41017,20,Yes
10801,2024-05,22,Female,22549,,4642,81,
10802,2024-05,,Male,93933,35,16570,84,No
10803,2024-10,56,Male,40362,85,47455,92,
10804,2024-10,51,Female,62842,68,7587,,
10805,2024-03,60,Male,61539,113,24252,83,No
10806,2024-01,62,Male,48717,48,16135,63,No
10807,2024-05,,Female,69596,80,22718,67,Yes
10808,2024-09,22,Male,38016,95,32373,30,No
10809,2024-01,47,,70200,90,49075,69,No
10810,2024-03,23,Female,,62,43465,106,Yes
10811,2024-04,63,Female,75287,,45539,70,Yes
10812,2024-01,61,Male,107447,35,15224,3,No
10813,2024-01,21,Female,98402,70,31851,49,No
10814,2024-08,46,Female,57607,,,42,No
10815,2024-02,40,Female,42621,21,,24,No
10816,2024-12,23,Male,27823,80,13979,44,No
10817,2024-08,49,Female,,111,16304,,No
10818,2024-07,59,Female,79325,39,27745,114,Yes
10819,2024-10,35,Female,72771,34,45601,115,No
10820,2024-10,32,Female,69973,106,13327,54,
10821,2024-02,57,Female,29690,15,42868,52,Yes
10822,2024-06,49,Female,54107,6,45200,,No
10823,2024-06,26,Male,72888,66,49916,79,No
10824,2024-03,54,Female,25956,88,12540,,Yes
10825,2024-11,27,Male,101839,56,19977,38,No
10826,2024-02,37,Male,71227,49,16627,44,No
10827,2024-12,23,Male,51533,92,21682,82,No
10828,2024-01,20,Female,,,26549,87,No
10829,2024-06,59,Male,71234,65,25027,47,No
10830,2024-12,28,Female,116131,28,12973,29,Yes
10831,2024-05,60,Female,82594,100,17209,51,No
10832,2024-11,34,Male,71901,20,34474,41,Yes
10833,2024-09,49,Male,26519,48,42964,,No
10834,2024-01,21,Male,46115,72,14214,,No
10835,2024-07,21,Female,81266,65,34708,88,No
10836,2024-05,34,Female,16832,90,32445,109,No
10837,2024-05,58,Female,56368,51,22068,48,No
10838,2024-02,36,Male,103425,43,9647,77,No
10839,2024-11,22,Female,,49,16767,97,No
10840,2024-03,49,Female,86835,25,,114,
10841,2024-07,39,Female,88366,74,31952,22,No
10842,2024-06,,Female,52570,76,5636,99,No
10843,2024-12,52,Male,,41,,17,No
10844,2024-02,39,Male,21615,71,32016,86,No
10845,2024-06,18,Male,87298,64,11946,,No
10846,2024-02,37,Male,53311,61,45599,61,No
10847,2024-02,39,Male,105245,12,25024,,No
10848,2024-02,28,Male,118187,111,13688,6,Yes
10849,2024-11,30,Male,38434,104,39087,53,No
10850,2024-03,59,,101879,81,41337,81,
10851,2024-02,20,Female,30739,69,46037,95,No
10852,2024-04,26,Female,81202,14,6060,17,No
10853,2024-09,,Female,113580,,46121,59,No
10854,2024-06,40,Male,108419,48,43727,97,No
10855,2024-01,31,Female,94599,61,36897,39,No
10856,2024-08,50,Male,48649,81,12157,54,Yes
10857,2024-12,35,Female,115364,35,38582,48,Yes
10858,2024-07,58,Male,62445,119,19340,37,No
10859,2024-10,26,,54470,65,41930,48,No
10860,2024-03,40,Male,89965,59,40897,68,No
10861,2024-01,27,Male,63621,,11824,107,No
10862,2024-05,36,,47926,114,,78,No
10863,2024-04,64,Male,52997,36,18058,77,
10864,2024-10,22,Female,74940,79,49762,27,No
10865,2024-08,64,Female,,19,20443,88,No
10866,2024-01,40,Female,112805,115,39960,27,No
10867,2024-10,47,,,42,42486,72,No
10868,2024-01,42,,43391,69,45014,117,No
10869,2024-12,45,Male,78291,19,15872,,No
10870,2024-04,51,Female,104723,107,13131,52,No
10871,2024-08,62,Female,17526,39,1972,47,No
10872,2024-05,64,Female,,69,27455,114,No
10873,2024-02,42,Male,88339,52,47867,103,No
10874,2024-06,,Female,113204,12,,21,No
10875,2024-05,31,,21574,83,5372,115,No
10876,2024-02,59,,23733,47,28047,,No
10877,2024-11,63,Male,65290,76,43841,,Yes
10878,2024-11,47,Male,87793,36,14191,75,
10879,2024-11,58,Male,51051,63,44750,95,No
10880,2024-03,42,Female,,76,5253,91,No
10881,2024-09,31,Female,104682,82,2333,42,No
10882,2024-07,52,Female,92338,113,39196,110,No
10883,2024-07,,Male,88432,51,9145,,No
10884,2024-11,27,Male,43133,112,40084,27,
10885,2024-06,52,Female,66571,43,30941,72,Yes
10886,2024-08,28,,94062,34,40524,33,Yes
10887,2024-04,28,Female,,,43817,76,No
10888,2024-08,38,Male,26278,97,15562,35,No
10889,2024-04,38,Female,66458,49,10135,98,No
10890,2024-08,39,Male,79265,18,20564,16,No
10891,2024-09,62,,71782,,10440,36,No
10892,2024-03,24,Male,70415,57,35669,66,No
10893,2024-03,,Female,106087,93,13611,76,No
10894,2024-11,19,Male,69160,109,,91,
10895,2024-02,,Female,,,45700,56,No
10896,2024-10,59,Female,40298,89,30239,17,No
10897,2024-03,35,Female,115874,24,43246,20,No
10898,2024-03,28,Male,37191,93,18293,,No
10899,2024-05,33,Male,71964,64,18646,94,No
10900,2024-05,35,Male,48092,,34177,106,Yes
10901,2024-02,52,Female,104407,38,1260,,No
10902,2024-12,,Male,90257,33,23522,8,
10903,2024-10,33,Female,118949,10,6112,18,No
10904,2024-06,23,Female,77513,37,36508,18,No
10905,2024-05,61,Female,66097,97,27765,18,No
10906,2024-06,60,Male,45279,87,1030,2,No
10907,2024-01,64,Female,29404,11,10051,76,No
10908,2024-05,64,Male,85022,24,,96,No
10909,2024-09,,Female,50198,88,43487,106,No
10910,2024-12,29,Female,109223,71,49484,72,No
10911,2024-10,30,Male,64997,114,3060,,No
10912,2024-02,,Male,93692,21,19061,10,No
10913,2024-01,56,Female,15567,20,,75,No
10914,2024-10,19,Female,76032,117,,14,
10915,2024-11,43,Male,17179,10,18421,26,No
10916,2024-09,44,Female,17019,89,42733,47,Yes
10917,2024-10,,Male,96455,47,3281,30,No
10918,2024-09,32,Male,100239,100,17830,56,No
10919,2024-09,25,,33704,112,,,No
10920,2024-06,24,Female,33030,47,35456,,Yes
10921,2024-08,,Female,84445,15,39331,4,No
10922,2024-11,63,Male,88551,44,16115,103,No
10923,2024-01,57,Female,18420,104,1381,11,No
10924,2024-10,29,Male,74875,104,2347,24,Yes
10925,2024-04,30,Male,62653,114,39867,118,No
10926,2024-01,60,Female,31740,62,22610,86,No
10927,2024-08,34,Male,80263,6,37836,67,No
10928,2024-01,34,Female,110864,101,16814,37,No
10929,2024-03,53,Female,79559,66,,2,No
10930,2024-04,38,Male,34465,76,40431,12,No
10931,2024-08,25,Male,66432,4,44424,21,No
10932,2024-06,22,Male,19131,23,23466,69,No
10933,2024-10,43,Male,,13,,71,No
10934,2024-12,33,Female,79973,81,11820,64,
10935,2024-07,53,Female,102043,,2716,68,No
10936,2024-08,45,Male,,16,26064,43,Yes
10937,2024-02,46,Male,,41,38969,,No
10938,2024-10,64,Female,104342,90,24901,105,No
10939,2024-11,29,Female,34171,92,12280,100,Yes
10940,2024-08,54,Male,101129,1,11194,62,
10941,2024-03,47,Male,70692,111,5309,86,No
10942,2024-07,40,Female,73541,12,17062,93,No
10943,2024-03,33,Male,24470,101,,73,No
10944,2024-07,31,Male,76344,119,32941,90,No
10945,2024-11,27,Female,59308,56,41039,12,No
10946,2024-12,24,Female,65639,50,2429,112,No
10947,2024-02,62,Female,36326,20,30117,1,Yes
10948,2024-10,54,Female,,66,47574,72,No
10949,2024-06,46,Female,117840,36,14744,33,No
10950,2024-03,,Male,,79,,64,No
10951,2024-03,32,Male,80020,38,44679,116,No
10952,2024-09,53,Male,64477,22,11616,,No
10953,2024-07,64,Male,117466,108,22918,68,No
10954,2024-05,,Female,48071,61,16207,14,No
10955,2024-12,36,Female,85603,50,18265,119,No
10956,2024-10,30,,76923,96,36395,93,No
10957,2024-07,59,Female,85560,59,13600,14,No
10958,2024-09,38,Male,,20,24367,9,Yes
10959,2024-01,54,Male,72492,36,44471,73,No
10960,2024-07,44,Female,46770,97,1708,,
10961,2024-06,46,Female,91762,15,44585,49,
10962,2024-10,37,Female,50399,62,536,111,No
10963,2024-12,42,Female,93948,114,18712,106,No
10964,2024-09,23,Female,72439,110,11752,17,Yes
10965,2024-01,,Female,59415,3,,105,No
10966,2024-04,,Male,27569,93,7506,68,No
10967,2024-09,39,Female,17369,111,48335,60,No
10968,2024-04,,Female,112557,91,24559,110,Yes
10969,2024-10,33,Male,15528,5,5847,3,
10970,2024-03,35,Female,45314,56,32671,93,No
10971,2024-09,22,Male,117979,31,29017,25,No
10972,2024-02,53,,33047,,24774,21,No
10973,2024-04,47,Male,34748,,,12,No
10974,2024-06,62,Female,50109,118,28148,54,No
10975,2024-02,36,Male,28919,71,4618,1,
10976,2024-08,40,Female,,70,18410,1,No
10977,2024-08,,Male,,26,,45,No
10978,2024-01,30,Male,95792,,13687,46,No
10979,2024-12,60,Female,85441,1,924,48,No
10980,2024-03,46,,89420,83,27141,7,No
10981,2024-10,53,Male,43906,7,35250,10,
10982,2024-09,39,Male,,36,16418,,No
10983,2024-05,64,Female,81896,76,23654,40,No
10984,2024-06,53,Female,118431,84,48666,11,
10985,2024-04,26,,36946,87,12492,56,Yes
10986,2024-10,56,Male,62020,,34501,46,No
10987,2024-02,36,Female,89266,94,,45,
10988,2024-11,55,Male,,59,,87,No
10989,2024-08,23,Male,42738,61,42024,13,Yes
10990,2024-11,64,Female,18925,29,3519,27,No
10991,2024-06,32,Female,23463,,1804,,Yes
10992,2024-05,37,Female,72153,18,47412,81,No
10993,2024-09,26,Male,97948,41,49784,50,No
10994,2024-01,49,Male,76009,19,17332,61,No
10995,2024-05,21,Male,102938,,23291,115,No
10996,2024-06,35,,114546,4,10522,13,No
10997,2024-05,22,Male,106253,65,10850,12,No
10998,2024-06,,Male,56552,41,12318,29,No
10999,2024-06,40,Male,71271,15,34117,85,No
11000,2024-07,,Female,24797,54,4462,84,No
11001,2024-04,54,Male,101130,64,5354,20,No
11002,2024-11,,,,72,34807,31,No
11003,2024-08,21,Male,,15,3444,8,No
11004,2024-07,46,Female,28733,79,,24,No
11005,2024-09,61,Male,68223,50,3744,75,No
11006,2024-07,51,Female,41926,103,23220,,No
11007,2024-03,30,,43783,22,25590,33,
11008,2024-03,59,Male,,18,46523,42,No
11009,2024-08,26,,51394,,34859,15,
11010,2024-05,59,Female,79796,2,49036,68,Yes
11011,2024-04,48,,43287,36,8355,65,No
11012,2024-08,,Female,,20,2101,32,Yes
11013,2024-06,,Male,45436,16,32452,11,No
11014,2024-02,36,Male,101916,67,,94,No
11015,2024-04,59,Male,105332,30,,37,Yes
11016,2024-12,47,Male,88567,55,,19,No
11017,2024-11,48,Male,102483,66,35110,51,Yes
11018,2024-04,52,Male,18188,99,10983,100,No
11019,2024-06,38,Male,106205,26,8558,34,No
11020,2024-06,,Female,,57,14204,71,No
11021,2024-01,36,Male,112349,69,6065,60,No
11022,2024-08,48,Male,21765,2,44356,109,No
11023,2024-06,49,Female,66626,,37756,84,
11024,2024-03,19,Male,,56,31115,,No
11025,2024-09,27,Male,25807,84,42174,12,No
11026,2024-02,19,Male,25204,62,2427,62,No
11027,2024-11,19,,107602,34,,96,
11028,2024-08,,Female,72944,98,8801,66,No
11029,2024-10,34,Male,57120,118,21813,86,No
11030,2024-03,49,Female,,,,105,No
11031,2024-12,,Female,37658,55,5992,48,No
11032,2024-05,33,Female,,20,3723,40,No
11033,2024-06,63,Female,49986,50,,24,No
11034,2024-10,56,Female,94322,25,21955,50,No
11035,2024-06,48,Male,109819,84,34222,95,No
11036,2024-04,,Male,65304,25,,68,No
11037,2024-03,41,Female,,53,30841,88,No
11038,2024-04,18,Female,73548,14,42809,43,
11039,2024-01,28,Female,113447,60,15507,17,No
11040,2024-04,38,Female,54986,111,34842,104,No
11041,2024-01,21,,89095,108,27299,83,No
11042,2024-12,24,Male,106594,43,16174,104,No
11043,2024-01,43,Female,103281,107,15926,102,No
11044,2024-10,64,Female,81151,62,7595,55,No
11045,2024-06,29,,88598,103,45291,,
11046,2024-05,48,,43214,,24604,111,No
11047,2024-11,34,Female,53745,112,3755,97,No
11048,2024-04,50,Male,57548,69,34326,70,Yes
11049,2024-11,28,Female,25681,63,35225,60,Yes
11050,2024-03,45,Male,21984,2,23532,,Yes
11051,2024-01,49,Female,42579,54,5444,,
11052,2024-06,18,,105810,16,38326,77,No
11053,2024-02,64,Male,118275,55,30997,,No
11054,2024-08,45,Female,69933,94,28223,73,No
11055,2024-10,59,Male,42399,111,35787,35,No
11056,2024-05,24,Male,46481,43,12345,34,No
11057,2024-07,19,Male,15944,61,24797,16,No
11058,2024-10,59,Female,108993,38,3070,82,No
11059,2024-12,41,,,45,28003,18,Yes
11060,2024-02,21,,54846,51,7950,38,Yes
11061,2024-08,61,Male,98666,42,20771,114,Yes
11062,2024-02,36,Female,92848,24,40971,43,No
11063,2024-04,43,Female,47596,115,16398,,No
11064,2024-01,28,Male,119087,30,14889,7,No
11065,2024-05,57,Male,90287,,48682,87,No
11066,2024-09,60,Male,21907,53,25963,87,No
11067,2024-01,28,,43114,63,1244,,Yes
11068,2024-09,,Female,40009,103,23304,61,Yes
11069,2024-11,20,Female,99846,11,36782,18,No
11070,2024-08,29,Male,65241,78,11371,71,
11071,2024-06,20,Female,50725,23,14036,106,No
11072,2024-07,,Male,33996,117,23597,40,
11073,2024-03,44,Male,,80,675,88,No
11074,2024-01,19,Female,119553,,3717,78,No
11075,2024-05,33,Male,43767,85,,50,No
11076,2024-12,19,Female,31347,,30859,5,No
11077,2024-12,47,Male,117063,55,46964,,Yes
11078,2024-02,37,Female,39102,,22857,54,No
11079,2024-05,55,Male,,97,42854,86,No
11080,2024-08,45,Female,82438,,39070,58,No
11081,2024-11,42,Male,,61,7534,22,No
11082,2024-09,49,Male,45540,111,16763,74,Yes
11083,2024-02,27,,115871,,42680,90,No
11084,2024-12,,Male,90726,83,9276,79,Yes
11085,2024-03,57,Female,78769,5,44322,38,
11086,2024-03,50,,,100,10312,105,Yes
11087,2024-01,30,Male,42690,,20239,106,No
11088,2024-08,,Male,17994,109,27425,119,No
11089,2024-06,,Female,118533,,20075,49,No
11090,2024-12,64,,82546,,22731,1,Yes
11091,2024-08,54,,22377,31,11899,,No
11092,2024-11,,Female,93572,119,48231,36,Yes
11093,2024-09,62,Female,,94,23600,95,No
11094,2024-05,39,Male,15048,,11268,28,Yes
11095,2024-12,37,,51978,47,33799,98,No
11096,2024-03,60,,62606,30,11857,35,No
11097,2024-05,44,Male,96574,55,1937,60,No
11098,2024-05,58,Male,,105,25446,103,No
11099,2024-05,33,Male,88414,68,21388,62,No
11100,2024-03,51,Male,108145,69,6002,87,No
11101,2024-11,49,Female,64222,41,40876,46,No
11102,2024-10,43,Male,63115,45,6066,108,Yes
11103,2024-04,42,Male,104606,74,42076,83,No
11104,2024-09,19,Male,55647,91,,82,No
11105,2024-10,29,,69607,80,14113,79,No
11106,2024-09,57,Female,72410,30,,61,No
11107,2024-02,26,Male,,77,34199,,No
11108,2024-08,29,Male,69921,100,35733,89,No
11109,2024-08,43,,,85,48891,26,No
11110,2024-07,26,Female,61022,45,22314,35,No
11111,2024-08,27,Male,55148,117,23886,57,
11112,2024-03,49,Male,82764,104,47276,79,Yes
11113,2024-06,51,Male,106901,45,42085,63,Yes
11114,2024-01,37,Male,105724,79,39256,,No
11115,2024-07,56,Female,23888,84,8009,79,No
11116,2024-01,19,,103666,84,22816,42,
11117,2024-09,18,Female,54159,45,,102,No
11118,2024-01,53,Female,57197,55,11571,45,Yes
11119,2024-01,,Male,99326,,28242,39,No
11120,2024-07,44,Female,105360,5,47349,118,No
11121,2024-02,19,Female,113941,118,13728,65,No
11122,2024-05,48,Male,39474,,12114,22,No
11123,2024-08,31,Male,32333,32,10801,11,Yes
11124,2024-08,19,Female,51355,6,,110,No
11125,2024-03,46,Male,114415,94,43351,102,No
11126,2024-07,32,Male,88903,26,11874,37,No
11127,2024-03,29,Female,,37,34907,115,No
11128,2024-06,54,,46145,13,47106,90,Yes
11129,2024-06,45,Female,118170,93,42241,51,No
11130,2024-03,37,Female,90675,69,14482,91,No
11131,2024-07,56,Male,64854,,31758,58,Yes
11132,2024-03,41,Female,82664,13,46152,77,No
11133,2024-08,38,Female,101153,88,10748,7,
11134,2024-10,27,Female,108616,95,11015,8,No
11135,2024-04,63,Male,50285,,35542,,No
11136,2024-01,31,Female,32533,119,27309,,No
11137,2024-04,54,Female,47624,72,11330,115,No
11138,2024-07,,Male,61996,60,35748,23,
11139,2024-11,41,Male,61947,73,7299,90,
11140,2024-04,31,Male,,21,9047,108,No
11141,2024-06,51,Male,66030,115,32062,119,No
11142,2024-09,29,Female,73597,61,14828,91,No
11143,2024-01,39,Male,57443,84,13179,9,Yes
11144,2024-05,23,Male,113613,79,21558,46,No
11145,2024-11,53,Female,80464,26,32737,38,No
11146,2024-07,62,Male,18952,54,,111,Yes
11147,2024-01,53,Female,,42,20406,13,
11148,2024-04,39,Male,67201,11,,7,
11149,2024-06,31,,57460,37,39372,11,
11150,2024-02,33,Female,37796,105,,74,No
11151,2024-10,53,Female,46746,11,23806,97,No
11152,2024-05,42,Male,101785,27,28710,103,No
11153,2024-11,49,Female,15015,,46193,50,No
11154,2024-10,50,Male,64757,,28739,119,No
11155,2024-01,62,Male,40957,34,28330,67,No
11156,2024-06,53,Male,96541,,3881,41,No
11157,2024-06,37,Female,36292,,35332,29,Yes
11158,2024-04,35,Female,,87,,37,No
11159,2024-08,55,Female,75727,53,29341,119,Yes
11160,2024-04,20,Male,,65,7947,56,No
11161,2024-08,40,Male,29817,3,20868,109,No
11162,2024-08,49,Female,106006,67,20771,80,Yes
11163,2024-05,62,Male,24759,,839,16,
11164,2024-04,33,Female,63432,14,20474,44,Yes
11165,2024-12,22,Male,21412,52,,50,No
11166,2024-02,21,Female,72757,30,38398,107,No
11167,2024-11,38,Female,,58,,113,No
11168,2024-03,57,Male,23507,54,27763,71,Yes
11169,2024-03,31,Male,,69,8233,79,
11170,2024-04,56,Female,19820,113,46378,102,
11171,2024-04,48,Female,22835,15,5549,6,No
11172,2024-10,31,Male,108167,38,43586,18,No
11173,2024-11,23,Male,115153,78,45901,19,Yes
11174,2024-11,29,Female,28587,14,21588,,No
11175,2024-05,33,Female,115257,57,16108,51,No
11176,2024-04,34,Male,72732,59,1138,,No
11177,2024-11,62,Female,,113,8209,3,No
11178,2024-10,40,Male,,8,,,No
11179,2024-08,31,Female,21840,,1724,,Yes
11180,2024-06,24,Male,118370,19,47734,89,Yes
11181,2024-06,,,80077,32,,100,Yes
11182,2024-08,49,Female,46440,95,,54,Yes
11183,2024-07,32,Female,50183,29,37513,49,No
11184,2024-10,61,Female,111172,41,10241,28,No
11185,2024-11,34,,17389,75,23491,38,No
11186,2024-12,58,Female,70076,45,40675,28,No
11187,2024-10,,Female,81299,13,26581,32,No
11188,2024-08,61,Female,104461,27,48058,115,No
11189,2024-02,51,Female,107085,19,16142,41,No
11190,2024-09,22,Female,54023,26,10067,36,No
11191,2024-01,62,Male,65029,53,42127,103,No
11192,2024-08,44,Female,54941,51,39036,36,Yes
11193,2024-12,40,Male,103993,37,17899,107,Yes
11194,2024-11,57,,68950,112,33603,,No
11195,2024-12,31,Male,101959,9,46221,87,
11196,2024-12,32,,91054,92,,66,No
11197,2024-04,60,Female,80363,96,,10,No
11198,2024-04,50,Female,76742,52,2634,70,No
11199,2024-05,,Female,112896,,49909,72,No
11200,2024-08,52,Male,60215,3,30162,79,No
11201,2024-05,34,Male,62857,115,684,109,No
11202,2024-08,45,Male,,96,30887,93,No
11203,2024-10,36,Female,43173,,,,No
11204,2024-01,,Male,24395,8,41324,92,No
11205,2024-12,40,Female,74768,14,7763,22,No
11206,2024-10,49,Male,99743,3,13691,98,No
11207,2024-09,57,Male,118591,24,4014,,No
11208,2024-06,30,Male,61229,13,33234,33,No
11209,2024-03,37,,41639,43,6577,15,No
11210,2024-08,52,Female,77583,29,35620,7,No
11211,2024-09,22,Male,,72,48984,88,No
11212,2024-06,26,Female,,51,10000,90,No
11213,2024-11,46,Male,45104,,15492,50,No
11214,2024-07,23,,52594,31,,10,No
11215,2024-01,,Female,18664,,,79,Yes
11216,2024-05,48,Male,25528,26,,37,Yes
11217,2024-05,,Female,43190,18,17374,59,No
11218,2024-10,19,Male,81033,,31957,88,No
11219,2024-04,62,,76161,57,17585,75,
11220,2024-06,,Male,88177,7,36202,104,
11221,2024-07,44,Female,,112,14847,63,No
11222,2024-09,42,Male,85592,102,14002,21,No
11223,2024-01,25,Female,47899,,46979,104,
11224,2024-06,18,Female,85979,80,14348,102,No
11225,2024-07,,Female,32241,119,22921,79,No
11226,2024-03,61,Female,61211,60,14926,79,No
11227,2024-08,40,Female,78472,33,5195,37,Yes
11228,2024-05,49,Male,89248,115,49471,45,Yes
11229,2024-09,,Male,88757,3,16360,,No
11230,2024-05,56,Male,46346,102,47365,43,No
11231,2024-09,64,,96196,4,47904,116,No
11232,2024-10,41,Male,119451,100,,,No
11233,2024-04,,Female,92124,4,,108,
11234,2024-09,,Female,117908,42,9343,84,No
11235,2024-05,43,Male,57220,9,31652,33,No
11236,2024-10,33,Male,32942,104,16073,3,Yes
11237,2024-09,52,Male,64167,51,,104,No
11238,2024-03,37,Male,51373,17,31237,87,
11239,2024-04,63,Male,82143,17,39267,44,No
11240,2024-09,20,Male,17016,97,28756,,No
11241,2024-10,18,Female,84110,20,37134,87,No
11242,2024-11,64,,61309,14,42205,,No
11243,2024-06,18,Male,22274,22,2502,35,No
11244,2024-02,34,Male,30748,52,17123,25,No
11245,2024-07,19,Male,35175,27,42315,96,No
11246,2024-02,46,Female,119710,43,,86,Yes
11247,2024-11,37,Female,26826,3,22751,8,
11248,2024-02,23,Male,98008,,13207,115,
11249,2024-11,25,Male,,94,24617,116,
11250,2024-01,46,Female,85009,8,23243,62,
11251,2024-11,50,Female,,86,11290,102,No
11252,2024-11,20,Male,56435,89,48569,,No
11253,2024-12,52,Female,90017,10,33120,92,No
11254,2024-11,22,Male,23520,113,,28,No
11255,2024-03,44,Male,106951,29,30839,75,Yes
11256,2024-06,61,Female,98106,40,34621,12,No
11257,2024-08,,Female,,118,43495,,
11258,2024-09,37,Male,34798,65,49096,119,No
11259,2024-07,62,,69638,116,41946,2,No
11260,2024-04,37,Male,84072,,46178,,Yes
11261,2024-06,26,Female,82309,103,21198,37,No
11262,2024-05,56,Female,44894,24,40132,,No
11263,2024-08,21,Female,,73,15216,41,Yes
11264,2024-01,36,,69567,60,31306,45,Yes
11265,2024-01,55,Male,,108,18368,109,Yes
11266,2024-11,44,,70059,118,48418,111,No
11267,2024-06,62,Female,20079,,31630,34,Yes
11268,2024-10,60,Female,40838,9,6625,87,No
11269,2024-12,30,Male,102340,20,42472,13,Yes
11270,2024-02,30,Female,62109,56,35615,7,No
11271,2024-05,39,Female,100211,,48011,32,No
11272,2024-01,,Male,40594,,36976,23,No
11273,2024-07,64,,57749,106,,49,No
11274,2024-01,62,Male,51292,36,23260,72,No
11275,2024-04,,Male,89534,118,10614,114,No
11276,2024-09,60,Female,94233,73,1137,111,No
11277,2024-01,,Female,66818,22,39134,47,Yes
11278,2024-04,25,Female,28429,1,,37,No
11279,2024-06,25,Male,72748,69,36276,98,No
11280,2024-06,,,63807,73,,48,Yes
11281,2024-12,43,Male,22140,37,16751,,No
11282,2024-08,,Male,78226,102,27309,37,No
11283,2024-01,40,Male,29901,,24256,23,No
11284,2024-07,60,Female,103815,72,,38,No
11285,2024-01,30,,43525,106,12149,93,
11286,2024-07,45,Female,35491,107,11866,44,No
11287,2024-03,26,Female,83816,96,12380,5,No
11288,2024-11,37,Male,49980,13,18283,52,No
11289,2024-08,36,Female,110525,84,,40,No
11290,2024-03,56,Female,23078,,41709,11,No
11291,2024-01,29,Female,106654,43,5820,78,Yes
11292,2024-08,32,Male,104521,108,9227,113,No
11293,2024-03,48,Female,63704,37,12224,106,No
11294,2024-02,31,Female,31997,94,39711,2,No
11295,2024-01,28,Female,94810,,20433,35,No
11296,2024-03,43,Female,15868,95,13894,45,Yes
11297,2024-02,,Male,41398,25,40220,49,No
11298,2024-02,44,Female,96578,93,41917,35,Yes
11299,2024-06,28,Male,112356,88,19622,,No
11300,2024-12,55,Female,,103,36637,92,Yes
11301,2024-01,51,Female,35561,21,31937,72,No
11302,2024-02,60,Male,31254,41,21019,32,No
11303,2024-06,,,49512,73,8483,68,No
11304,2024-03,23,Female,115560,42,,109,No
11305,2024-04,63,Male,104532,42,6135,71,No
11306,2024-01,55,Female,109154,2,,39,No
11307,2024-08,59,Male,,68,39519,48,No
11308,2024-07,45,Female,72865,8,,91,No
11309,2024-07,18,Female,38580,,20122,37,No
11310,2024-03,52,,85959,61,39005,60,No
11311,2024-10,57,Female,118393,14,9939,81,No
11312,2024-10,25,Female,87144,113,28409,74,
11313,2024-03,64,Female,57485,77,35841,4,No
11314,2024-02,24,Male,65621,21,33393,23,
11315,2024-12,,Female,65665,,42689,14,No
11316,2024-01,56,Female,85412,50,11903,5,No
11317,2024-07,21,Male,65603,82,34574,66,No
11318,2024-07,42,Male,36038,45,35369,110,No
11319,2024-12,29,Female,108542,64,47949,24,
11320,2024-02,43,Female,116311,64,33403,18,No
11321,2024-07,55,Male,111346,104,27453,27,No
11322,2024-08,63,Male,29325,26,7811,,No
11323,2024-01,29,Male,50892,32,32525,,No
11324,2024-09,,Female,16753,108,21115,11,
11325,2024-07,54,Male,110067,57,34080,112,No
11326,2024-03,63,Female,32996,119,26820,18,
11327,2024-08,41,Male,83811,53,43398,112,No
11328,2024-07,33,Female,89283,33,24452,117,No
11329,2024-11,30,Male,60211,52,17754,4,No
11330,2024-08,42,Female,77820,95,15727,33,
11331,2024-06,21,Male,15824,18,14260,,No
11332,2024-09,28,Female,28880,,,108,No
11333,2024-05,49,Male,,12,14439,,No
11334,2024-03,24,Female,26517,51,33936,,No
11335,2024-03,63,Female,36683,,18177,51,Yes
11336,2024-01,28,Male,31876,109,8960,4,No
11337,2024-12,45,Female,118068,95,9173,20,Yes
11338,2024-08,58,Female,71354,10,28366,85,No
11339,2024-02,40,Male,88802,111,36658,67,No
11340,2024-03,62,Male,,52,9953,89,No
11341,2024-08,40,Male,101602,,,68,No
11342,2024-08,45,Female,93413,115,15896,,No
11343,2024-11,60,Female,24982,,28870,58,
11344,2024-04,64,Male,89504,110,22433,,No
11345,2024-04,43,Female,,39,30849,75,Yes
11346,2024-05,42,Female,29639,8,4834,80,No
11347,2024-06,46,,85210,96,31960,,No
11348,2024-05,,Female,84852,107,27768,100,No
11349,2024-07,50,,24695,29,22568,6,
11350,2024-02,53,Female,63582,22,28747,95,No
11351,2024-07,31,Male,46094,84,,40,
11352,2024-10,31,Female,75635,70,16785,77,No
11353,2024-07,,Female,37187,61,35503,23,No
11354,2024-01,47,Female,16214,43,21867,52,No
11355,2024-07,45,Female,38940,49,24636,4,No
11356,2024-05,,Female,59406,29,38287,37,No
11357,2024-03,20,Female,106221,,24925,42,No
11358,2024-03,33,Male,58481,81,29965,101,Yes
11359,2024-04,63,Male,30977,31,19461,44,No
11360,2024-12,47,Female,59839,53,33943,97,No
11361,2024-02,46,Female,72874,34,19323,42,No
11362,2024-02,62,Male,73414,38,10373,29,No
11363,2024-01,,Female,,57,6087,101,No
11364,2024-05,63,Female,40538,101,39213,19,
11365,2024-04,42,Male,119922,4,26352,115,No
11366,2024-11,55,Male,118569,2,,84,
11367,2024-10,59,Male,71241,12,7504,32,No
11368,2024-02,64,,88501,,40996,44,Yes
11369,2024-03,55,Male,90133,70,28323,55,No
11370,2024-07,40,Male,75481,110,39877,80,No
11371,2024-07,42,Female,42740,72,7631,5,No
11372,2024-12,59,Male,78328,21,18196,113,No
11373,2024-04,24,Male,87105,117,26149,46,No
11374,2024-05,,Male,65643,110,4599,76,No
11375,2024-05,34,Female,118517,61,32071,45,No
11376,2024-06,35,Female,26881,35,31080,,Yes
11377,2024-09,58,Male,51996,,,,No
11378,2024-02,27,Male,47177,15,29164,101,
11379,2024-05,,,52177,,,22,No
11380,2024-12,24,Male,81126,15,26969,30,No
11381,2024-03,55,Male,71531,109,22902,23,No
11382,2024-04,44,Male,41119,6,24736,5,Yes
11383,2024-10,50,Female,42915,111,25610,63,No
11384,2024-06,18,Female,17708,,,93,No
11385,2024-12,,Male,53749,68,44907,59,No
11386,2024-08,51,Female,,22,,94,No
11387,2024-01,21,Male,37106,32,,82,
11388,2024-10,34,Male,32131,22,49460,110,No
11389,2024-08,21,Female,61553,27,,114,No
11390,2024-11,,Male,73144,110,38680,52,Yes
11391,2024-07,43,Female,21553,15,5152,65,Yes
11392,2024-01,21,Male,32881,44,,39,Yes
11393,2024-02,18,Female,16379,115,,81,No
11394,2024-03,24,Male,,86,22987,3,Yes
11395,2024-01,47,Female,84306,92,7584,42,No
11396,2024-09,26,Male,34726,106,46130,71,
11397,2024-08,,Female,24088,102,15192,27,No
11398,2024-02,25,Male,49314,9,3155,28,No
11399,2024-09,41,Female,70041,34,40701,108,No
11400,2024-07,36,Male,119512,100,34582,54,
11401,2024-09,53,,,73,48170,95,No
11402,2024-06,60,Male,114599,15,5772,15,Yes
11403,2024-06,,Male,96397,62,718,119,Yes
11404,2024-11,49,Female,94509,45,31392,53,No
11405,2024-04,31,Male,32769,84,37971,,No
11406,2024-10,35,Male,62249,72,49262,72,Yes
11407,2024-10,45,,97862,58,22015,70,No
11408,2024-02,46,,116584,92,34807,92,No
11409,2024-07,33,Male,61365,115,13645,4,No
11410,2024-05,,,65185,,,94,No
11411,2024-11,64,Female,17786,16,19588,107,Yes
11412,2024-06,48,Male,115537,75,5564,17,No
11413,2024-02,21,Female,16620,106,47056,34,No
11414,2024-05,54,Female,51303,8,,6,No
11415,2024-10,34,,34589,,12103,36,No
11416,2024-04,56,Male,17882,74,,99,No
11417,2024-09,63,Female,77248,,25692,,
11418,2024-06,43,Male,64322,35,29397,39,No
11419,2024-02,56,Male,39524,43,,80,No
11420,2024-01,58,Male,24745,50,16911,66,No
11421,2024-05,21,,117201,,30166,8,No
11422,2024-09,47,Female,30861,104,41475,15,No
11423,2024-06,47,Female,,91,13270,63,Yes
11424,2024-10,39,Female,106735,59,8477,91,No
11425,2024-12,28,Male,69261,28,37929,80,No
11426,2024-07,19,Male,17837,46,32531,65,Yes
11427,2024-05,61,Male,89135,,5049,59,
11428,2024-10,29,Male,96447,70,20837,10,No
11429,2024-06,47,Female,69380,47,27865,,No
11430,2024-05,,Female,101089,14,21145,112,No
11431,2024-11,35,Male,64831,7,48297,74,No
11432,2024-09,,Male,104349,74,25007,76,No
11433,2024-06,24,Male,,79,5473,81,Yes
11434,2024-11,18,Male,44520,31,8936,109,No
11435,2024-08,43,,44541,93,10586,12,Yes
11436,2024-02,40,Female,80772,106,18240,79,No
11437,2024-12,43,Female,42350,118,26018,46,No
11438,2024-09,62,Female,59397,,20351,115,No
11439,2024-05,23,Male,92085,51,40232,32,No
11440,2024-07,23,Male,78865,29,15342,32,No
11441,2024-10,,Female,70956,113,30454,115,
11442,2024-01,25,Female,42453,108,2245,90,Yes
11443,2024-10,41,Male,,15,13197,78,No
11444,2024-05,39,Female,115727,90,27433,,No
11445,2024-12,36,Female,27906,76,4379,90,No
11446,2024-10,54,Female,29988,25,20661,61,No
11447,2024-02,,,42723,61,18999,69,
11448,2024-12,48,Female,48800,41,23141,116,No
11449,2024-06,54,Female,54107,69,35535,61,No
11450,2024-11,47,Male,42430,4,,102,
11451,2024-01,,Male,47535,108,10188,114,No
11452,2024-03,50,Male,83476,112,48333,46,No
11453,2024-05,27,Male,102329,105,11488,68,
11454,2024-04,54,Female,92798,57,23970,92,No
11455,2024-03,29,Female,67284,31,37749,55,No
11456,2024-10,47,Male,71232,3,24349,1,No
11457,2024-05,44,Female,59420,117,34197,77,No
11458,2024-11,56,Male,52710,67,8273,107,No
11459,2024-08,26,Male,87497,,,67,No
11460,2024-11,38,Male,107035,50,29576,49,No
11461,2024-04,29,Male,55498,17,5087,114,Yes
11462,2024-01,46,Male,46283,60,33624,25,No
11463,2024-11,50,Female,81169,74,16287,106,No
11464,2024-07,60,Male,,66,20948,16,
11465,2024-08,32,,77457,88,5999,85,
11466,2024-03,19,Male,40968,75,4341,13,
11467,2024-06,,Male,77508,,,52,No
11468,2024-02,61,Male,119791,99,25902,108,No
11469,2024-07,35,Female,78220,87,,36,No
11470,2024-08,20,Male,100366,,23555,72,No
11471,2024-06,24,Female,20738,87,,44,No
11472,2024-06,60,Female,18098,98,1165,83,No
11473,2024-05,35,Female,110424,105,,47,Yes
11474,2024-08,61,Female,88633,19,23737,80,
11475,2024-01,55,Male,93672,66,43488,76,
11476,2024-10,54,Male,,60,28767,20,No
11477,2024-04,50,Male,,115,11274,18,No
11478,2024-04,61,Female,,66,1053,54,No
11479,2024-03,48,Male,65969,15,14360,12,No
11480,2024-03,28,Male,,,,112,No
11481,2024-04,21,,85423,35,7545,25,No
11482,2024-11,35,Male,59411,69,9880,60,No
11483,2024-01,21,Female,90028,107,33417,116,No
11484,2024-11,51,Female,50421,27,32761,75,
11485,2024-11,46,Male,16454,88,49641,86,Yes
11486,2024-02,41,Male,32522,7,13843,116,Yes
11487,2024-09,39,Male,53575,6,3353,110,No
11488,2024-10,,Female,18192,110,10628,34,No
11489,2024-02,,Female,70268,33,,13,No
11490,2024-05,23,Female,96311,58,48522,110,No
11491,2024-09,59,,25402,49,,38,No
11492,2024-09,42,Female,93610,17,34224,12,No
11493,2024-08,38,Male,95781,110,11940,103,Yes
11494,2024-01,33,Male,51527,42,5680,36,No
11495,2024-01,48,Female,67181,,30784,28,Yes
11496,2024-09,31,Male,106472,72,41875,91,No
11497,2024-11,56,Male,,40,12146,39,
11498,2024-08,,Female,96219,46,19529,77,No
11499,2024-10,49,Male,27460,71,20658,43,
11500,2024-09,,,45482,70,14842,104,No
11501,2024-07,26,Female,31447,68,38281,,No
11502,2024-03,62,Male,63228,1,584,115,No
11503,2024-03,39,,98265,79,2435,31,No
11504,2024-02,49,Male,65126,95,30966,2,No
11505,2024-05,22,Male,,89,42876,117,No
11506,2024-12,40,Male,70114,111,9762,82,Yes
11507,2024-12,22,Male,108740,97,12104,90,
11508,2024-03,,Female,90350,52,42981,117,Yes
11509,2024-06,49,Male,72801,35,23633,42,No
11510,2024-02,27,Male,,119,29167,31,No
11511,2024-12,56,Male,67482,69,35741,61,No
11512,2024-03,32,Female,78397,5,34003,102,No
11513,2024-05,24,Female,16740,100,3338,56,Yes
11514,2024-12,46,Male,45121,17,35830,86,
11515,2024-11,64,Male,26218,53,13940,100,No
11516,2024-11,20,Male,86591,52,37174,83,No
11517,2024-01,36,Male,103241,14,34540,14,No
11518,2024-01,27,Female,49722,29,38104,,Yes
11519,2024-10,45,Female,64431,8,,114,No
11520,2024-09,46,Male,,98,37494,29,No
11521,2024-07,32,Male,57000,104,26839,81,No
11522,2024-01,52,Male,86975,1,30884,50,Yes
11523,2024-12,23,Female,45921,29,45878,50,No
11524,2024-08,29,Male,114265,36,42282,63,No
11525,2024-03,64,,103747,51,33143,101,No
11526,2024-08,55,Female,45614,37,17426,73,
11527,2024-05,30,Male,76189,93,39477,65,No
11528,2024-01,,Female,32601,69,24152,68,No
11529,2024-07,,,108332,53,10770,71,No
11530,2024-05,20,Female,86543,96,17768,,Yes
11531,2024-06,25,Male,35514,52,36917,,No
11532,2024-06,25,Male,,88,47394,106,
11533,2024-08,37,Female,82612,83,49341,83,No
11534,2024-09,64,Female,105886,12,20817,104,Yes
11535,2024-02,21,Female,119500,52,36934,3,No
11536,2024-09,38,Female,31292,1,46625,8,No
11537,2024-12,20,Female,46510,7,15948,93,No
11538,2024-11,62,,43000,,10413,114,No
11539,2024-10,25,Male,45383,98,9066,101,No
11540,2024-09,40,Female,,43,32944,116,No
11541,2024-10,33,Female,55910,71,16105,43,
11542,2024-10,30,Female,54028,17,1057,9,No
11543,2024-07,20,Female,39855,59,42740,19,No
11544,2024-01,26,Male,39281,3,44883,,No
11545,2024-07,31,Female,19841,29,6540,27,
11546,2024-10,30,Female,112204,22,,101,No
11547,2024-05,24,Male,75155,38,34396,112,No
11548,2024-06,32,Female,41918,54,,58,Yes
11549,2024-10,24,Male,71313,107,9792,25,Yes
11550,2024-07,55,Male,,93,26610,45,No
11551,2024-05,51,Male,47250,114,5849,102,No
11552,2024-07,58,Male,16922,50,30874,48,No
11553,2024-09,39,Female,46976,118,19509,50,No
11554,2024-03,,Female,26991,106,45587,81,No
11555,2024-08,,Female,119405,69,43091,44,Yes
11556,2024-02,61,Female,68744,30,557,59,Yes
11557,2024-11,18,Male,37733,23,9003,33,No
11558,2024-07,27,Male,,119,28793,103,Yes
11559,2024-02,60,Female,23108,85,43461,,Yes
11560,2024-04,33,Male,43715,90,19621,,No
11561,2024-07,63,,,118,5993,18,No
11562,2024-03,25,Female,52317,47,37145,55,No
11563,2024-02,42,Female,,21,2782,,No
11564,2024-11,29,,48362,20,23670,116,No
11565,2024-10,42,Male,69604,23,44643,106,No
11566,2024-07,34,Male,19889,,1931,15,No
11567,2024-01,43,Female,104557,21,45794,61,
11568,2024-08,63,Male,88748,21,,11,Yes
11569,2024-03,31,,46971,1,21091,36,No
11570,2024-12,,Male,,15,11851,15,No
11571,2024-12,53,Female,18201,17,32983,53,
11572,2024-02,40,Female,104882,51,31695,62,
11573,2024-03,,Female,52958,63,47907,48,No
11574,2024-05,23,Male,94251,14,37653,94,No
11575,2024-11,64,Male,20681,59,23235,,No
11576,2024-08,,Female,116982,83,,63,
11577,2024-10,60,Male,,50,4474,113,No
11578,2024-07,42,Female,97256,34,39173,87,
11579,2024-07,35,Female,82203,6,37733,43,No
11580,2024-12,30,Female,43152,109,20186,50,No
11581,2024-07,60,Female,65061,49,40213,60,No
11582,2024-08,,Male,72619,6,44326,112,Yes
11583,2024-01,45,Female,73235,117,13136,59,
11584,2024-04,35,Female,88740,118,35570,15,No
11585,2024-06,45,Male,,69,29623,29,
11586,2024-09,44,,,,32312,75,No
11587,2024-02,49,Female,76401,97,29260,109,No
11588,2024-01,64,Male,26217,77,5466,82,No
11589,2024-10,26,Male,63351,51,,,No
11590,2024-12,57,,,118,18926,31,No
11591,2024-02,49,Male,35654,1,14662,73,
11592,2024-07,37,Female,76314,13,16558,86,No
11593,2024-03,45,Female,16408,43,41982,11,No
11594,2024-10,50,Male,57903,27,44167,81,
11595,2024-02,21,Male,99208,71,3498,97,No
11596,2024-11,63,Female,,116,1409,62,No
11597,2024-07,51,Male,65572,3,45997,75,Yes
11598,2024-02,20,Female,73798,,35148,103,No
11599,2024-03,43,Male,116681,89,12997,,No
11600,2024-11,25,Female,45105,97,19444,51,No
11601,2024-07,23,Female,84634,104,8027,57,
11602,2024-04,33,Male,,,38964,4,No
11603,2024-01,,Male,22619,45,3572,36,Yes
11604,2024-05,56,Male,26939,78,12518,19,No
11605,2024-12,47,Male,33226,101,30152,24,
11606,2024-09,62,Female,40322,58,4976,,Yes
11607,2024-08,30,Female,73215,56,44335,49,No
11608,2024-12,22,Male,31878,54,30732,82,No
11609,2024-09,42,Female,21560,87,27982,97,No
11610,2024-10,,Female,,88,37757,46,No
11611,2024-09,35,Male,51212,29,21375,36,No
11612,2024-07,64,Male,109835,102,16719,10,Yes
11613,2024-04,35,,88079,54,30948,,No
11614,2024-05,19,Female,38946,27,14867,78,Yes
11615,2024-01,27,Female,46740,102,25620,7,No
11616,2024-01,62,Female,22253,117,7355,12,Yes
11617,2024-03,64,Male,94311,104,3597,86,No
11618,2024-08,29,Female,47813,,45085,91,No
11619,2024-02,64,Female,79331,,20389,,No
11620,2024-04,30,Female,42632,87,1584,,No
11621,2024-02,64,Male,63365,31,33820,75,No
11622,2024-05,28,Male,,36,22444,36,No
11623,2024-09,36,Male,48431,81,34421,60,No
11624,2024-01,52,,52436,61,22357,77,Yes
11625,2024-05,56,Male,33413,37,18570,96,Yes
11626,2024-09,43,Female,110761,67,24975,8,No
11627,2024-01,63,Male,53485,36,22719,7,
11628,2024-09,31,Male,83232,119,41957,,Yes
11629,2024-08,62,Female,31101,,31989,43,Yes
11630,2024-04,61,Female,23831,46,23678,58,Yes
11631,2024-12,41,Female,99583,79,13983,81,No
11632,2024-11,58,Male,66897,52,48302,86,No
11633,2024-10,18,Female,20004,49,45427,46,No
11634,2024-05,60,Male,103241,6,34073,34,Yes
11635,2024-05,39,Male,60924,10,34188,84,Yes
11636,2024-11,40,Female,36509,118,46430,117,No
11637,2024-12,36,Male,52170,,32029,72,No
11638,2024-06,35,Male,58555,23,34711,22,No
11639,2024-07,29,Female,29662,112,40316,91,Yes
11640,2024-08,45,Female,119216,17,46975,98,
11641,2024-08,45,Female,80930,110,34478,21,No
11642,2024-11,50,Male,62403,84,30177,15,No
11643,2024-02,36,Male,51365,44,16504,5,No
11644,2024-09,45,Male,77188,41,10772,102,No
11645,2024-07,54,,,15,6712,,No
11646,2024-04,,Female,113633,44,21571,72,No
11647,2024-04,52,Female,41673,110,43608,19,No
11648,2024-11,,Male,78471,58,10200,,No
11649,2024-08,52,Female,,86,30480,23,No
11650,2024-04,57,Male,72287,50,17797,83,No
11651,2024-06,33,Female,16645,52,41849,,No
11652,2024-05,55,,74076,70,29125,10,No
11653,2024-03,30,,109585,68,29331,31,No
11654,2024-10,40,Female,90351,63,29867,13,Yes
11655,2024-11,39,Female,65151,58,46313,22,No
11656,2024-02,33,,,23,35838,,Yes
11657,2024-09,,Female,114865,44,20621,39,No
11658,2024-10,52,Male,48541,,36047,10,No
11659,2024-09,62,Female,87847,83,25414,31,No
11660,2024-01,63,Male,102099,118,44896,43,No
11661,2024-10,25,Female,95739,109,17678,99,No
11662,2024-03,61,Female,65955,95,,77,No
11663,2024-08,39,Female,24290,44,14385,94,
11664,2024-06,38,Male,115354,,602,98,
11665,2024-05,43,Male,73942,67,27935,,No
11666,2024-05,57,Female,97667,28,13762,,No
11667,2024-06,38,Female,45143,67,7953,111,No
11668,2024-07,42,Female,39509,78,,68,No
11669,2024-01,58,Male,102780,18,45674,55,
11670,2024-09,18,,51741,27,12724,117,Yes
11671,2024-03,23,,41898,51,6672,68,No
11672,2024-04,40,Male,114919,60,11752,,No
11673,2024-10,40,Male,100674,74,18418,6,No
11674,2024-01,60,Female,77948,49,7697,,No
11675,2024-11,60,Female,76768,15,32091,28,No
11676,2024-10,40,,58262,83,14177,30,No
11677,2024-03,49,Female,20506,,11539,27,
11678,2024-02,,Female,35605,68,28285,69,No
11679,2024-02,30,Female,93590,15,5070,108,No
11680,2024-01,,Male,43231,51,7206,39,No
11681,2024-08,35,Male,94397,48,12155,35,No
11682,2024-03,40,Female,92123,72,33702,103,No
11683,2024-03,32,Female,28515,113,48407,44,No
11684,2024-06,50,Female,102211,117,9949,15,No
11685,2024-08,38,Female,53622,1,25130,83,No
11686,2024-09,56,Male,31600,7,9622,94,No
11687,2024-09,40,Female,,,46871,,No
11688,2024-04,44,Male,98279,31,,32,No
11689,2024-05,,Male,,18,25387,104,No
11690,2024-02,61,Female,36801,,14359,29,No
11691,2024-11,35,Female,52695,48,24140,63,Yes
11692,2024-09,41,,43853,30,48839,6,No
11693,2024-08,64,Male,19429,97,26032,90,Yes
11694,2024-03,57,Female,19606,111,39729,27,Yes
11695,2024-11,,Male,19478,7,39264,99,No
11696,2024-12,24,Male,98816,92,,28,Yes
11697,2024-09,37,Female,55134,113,3012,5,No
11698,2024-03,44,Female,84963,3,,41,No
11699,2024-09,23,Female,85897,107,22412,,Yes
11700,2024-02,44,Male,40475,,34531,112,No
11701,2024-12,26,Female,81177,6,36015,54,
11702,2024-10,62,Male,36730,95,15916,80,No
11703,2024-09,48,Female,36113,102,7780,105,No
11704,2024-08,38,Male,,15,11474,18,
11705,2024-09,43,Male,70746,71,44246,77,No
11706,2024-05,57,Female,57853,43,44275,,Yes
11707,2024-11,62,,100195,94,37031,89,
11708,2024-11,30,Male,51818,91,,74,No
11709,2024-02,,Male,52321,81,13531,29,No
11710,2024-08,37,Female,36309,119,43783,10,No
11711,2024-12,54,Male,33688,,33500,6,No
11712,2024-06,45,Male,43176,22,45812,80,Yes
11713,2024-08,34,Male,,61,2528,89,No
11714,2024-11,45,Male,82592,61,30933,108,No
11715,2024-05,58,,99728,53,18813,4,
11716,2024-10,19,Female,104012,26,49290,101,Yes
11717,2024-02,42,Female,24416,115,10150,34,No
11718,2024-06,58,,54994,91,26724,83,Yes
11719,2024-05,23,Female,81422,40,30864,33,No
11720,2024-12,28,Male,23584,,18861,,No
11721,2024-12,55,Male,,116,2913,44,No
11722,2024-05,23,Male,33830,8,,98,Yes
11723,2024-01,62,Male,100825,21,,76,No
11724,2024-02,28,,92066,,38686,31,No
11725,2024-08,31,Female,18591,,22909,80,Yes
11726,2024-03,19,Male,108878,21,30354,66,Yes
11727,2024-10,57,Female,36395,3,31706,113,No
11728,2024-03,,Female,69182,31,30155,58,No
11729,2024-08,,,31738,119,10452,60,Yes
11730,2024-08,50,Female,,27,36865,2,No
11731,2024-02,41,Female,32905,110,18262,,
11732,2024-08,,Female,34056,27,1120,70,Yes
11733,2024-11,35,Female,104082,73,34197,60,No
11734,2024-01,41,Female,50447,57,15955,23,Yes
11735,2024-06,62,Male,,,22710,103,Yes
11736,2024-08,52,Male,52190,33,48173,119,Yes
11737,2024-03,,Female,41014,90,1474,47,No
11738,2024-08,53,Male,87999,92,13179,116,No
11739,2024-12,42,Male,65278,44,27929,108,No
11740,2024-01,62,Female,16780,43,18573,101,No
11741,2024-11,60,Male,106643,31,5171,,No
11742,2024-11,51,Female,74258,117,30865,80,No
11743,2024-09,42,Female,112123,,46867,107,No
11744,2024-11,33,,57192,84,46078,44,No
11745,2024-09,51,Female,74300,76,9417,19,No
11746,2024-05,46,Male,119875,17,,49,No
11747,2024-10,36,Female,105504,15,8284,88,No
11748,2024-04,40,Female,114129,34,47493,58,No
11749,2024-11,36,,58923,114,,91,No
11750,2024-06,42,Male,104196,,36165,7,No
11751,2024-12,33,Male,17395,4,12791,94,
11752,2024-07,26,,117449,72,19426,41,Yes
11753,2024-05,18,Male,112384,98,26654,78,No
11754,2024-11,59,Female,30779,110,26150,116,No
11755,2024-10,36,Male,86028,89,46840,108,No
11756,2024-09,50,Male,44722,79,,15,Yes
11757,2024-03,51,Male,22111,28,37312,76,
11758,2024-07,,Male,24984,73,30794,53,No
11759,2024-10,61,Female,112552,2,36701,117,Yes
11760,2024-10,57,,108176,17,39979,93,Yes
11761,2024-11,35,Male,87328,58,7884,23,No
11762,2024-05,51,Female,41924,74,17761,77,Yes
11763,2024-07,42,Male,67703,,3559,73,Yes
11764,2024-02,62,Female,47577,31,,88,No
11765,2024-04,23,Male,22711,66,23891,103,No
11766,2024-02,38,,100548,,16415,94,No
11767,2024-12,23,Female,,62,40781,65,No
11768,2024-07,49,Female,116971,19,47133,60,No
11769,2024-02,,Female,119763,81,34942,10,
11770,2024-11,60,Female,19096,107,43068,102,No
11771,2024-01,,,81555,113,26293,58,No
11772,2024-09,48,Female,104848,74,47246,47,
11773,2024-01,59,,90012,114,32489,15,No
11774,2024-08,27,Female,,55,49965,9,No
11775,2024-02,47,Male,112955,28,,13,No
11776,2024-12,35,Female,92120,102,17267,23,No
11777,2024-08,41,Male,20965,112,39152,33,No
11778,2024-03,,Female,,,18696,9,No
11779,2024-06,48,Female,92975,,19208,3,
11780,2024-03,32,Female,72987,116,13883,94,Yes
11781,2024-07,21,Male,118025,50,5748,73,Yes
11782,2024-10,57,Male,47963,65,36697,116,Yes
11783,2024-09,26,Female,108976,3,26940,25,No
11784,2024-02,,,,79,21730,111,Yes
11785,2024-12,26,Male,30330,52,30154,88,No
11786,2024-12,43,Male,36494,10,17111,96,No
11787,2024-05,21,Female,91422,21,22957,71,No
11788,2024-06,,Female,18212,37,10756,36,No
11789,2024-04,33,Male,116059,15,41471,89,No
11790,2024-04,32,Male,98441,87,41033,20,No
11791,2024-04,52,Male,102594,78,,81,
11792,2024-02,22,,16080,79,33959,54,No
11793,2024-04,,Male,47675,74,28781,100,Yes
11794,2024-11,37,Male,37007,9,2239,90,Yes
11795,2024-01,32,Male,97641,44,2025,,
11796,2024-12,35,Male,110815,39,16953,60,No
11797,2024-06,64,Female,61815,5,6751,37,Yes
11798,2024-01,,Male,98482,25,43708,112,No
11799,2024-10,46,Male,15639,56,20007,3,No
11800,2024-06,30,Female,78593,,14360,107,No
11801,2024-01,21,Male,93038,90,21608,92,Yes
11802,2024-06,59,Male,118494,64,28406,86,No
11803,2024-10,62,Female,108899,,8149,111,Yes
11804,2024-08,27,Female,,86,34555,19,No
11805,2024-11,48,,31473,52,,,No
11806,2024-02,58,Female,49019,,31522,46,Yes
11807,2024-02,25,Female,101623,112,32156,80,No
11808,2024-12,20,Male,109025,76,,,Yes
11809,2024-04,63,Female,51820,9,16413,70,No
11810,2024-11,,Female,99861,10,16129,101,
11811,2024-03,47,Female,72589,112,31192,31,No
11812,2024-04,28,Female,80807,10,5454,53,No
11813,2024-12,52,Male,33414,,34012,113,No
11814,2024-07,54,Female,39220,62,11219,112,No
11815,2024-11,59,Female,75531,90,28149,34,No
11816,2024-01,30,,57425,,12902,31,Yes
11817,2024-06,53,Male,24387,91,37844,60,No
11818,2024-03,30,Male,91815,60,9716,11,No
11819,2024-11,29,Male,42584,95,49631,100,No
11820,2024-10,54,Female,59783,19,31550,6,Yes
11821,2024-07,27,Male,54809,107,30772,,Yes
11822,2024-10,26,Male,69327,38,5550,,No
11823,2024-02,24,,,6,47216,49,No
11824,2024-02,19,Male,57261,15,2938,96,No
11825,2024-04,40,Female,88588,93,43650,,No
11826,2024-01,56,Male,31995,47,47931,60,Yes
11827,2024-03,57,Female,28580,45,47337,33,No
11828,2024-09,,Female,33240,118,42087,47,No
11829,2024-07,38,,,,17260,116,Yes
11830,2024-07,40,,90752,78,12578,44,Yes
11831,2024-11,46,Male,119533,53,16973,79,No
11832,2024-04,,Male,61111,,44315,119,No
11833,2024-02,43,Male,105447,62,9757,27,No
11834,2024-04,22,Female,49866,23,22950,94,No
11835,2024-06,,Female,95974,44,26134,,No
11836,2024-11,42,Female,88401,52,47073,47,Yes
11837,2024-11,48,Female,97093,46,29148,93,No
11838,2024-03,37,Male,27211,19,27676,105,
11839,2024-01,61,Female,73985,88,49480,48,
11840,2024-12,34,,48268,,10796,30,No
11841,2024-08,62,Male,18646,47,22459,2,No
11842,2024-12,19,Female,70371,91,15070,,No
11843,2024-05,42,Male,57816,52,35923,47,No
11844,2024-05,30,Female,104460,24,15227,27,No
11845,2024-11,,Female,59112,17,18399,71,No
11846,2024-04,45,Male,66048,89,36285,27,
11847,2024-06,59,Male,,46,47410,85,No
11848,2024-03,23,Male,90446,64,40611,,Yes
11849,2024-09,20,Female,,119,12839,55,Yes
11850,2024-05,52,Female,60752,95,34841,17,No
11851,2024-03,35,Male,99977,28,6097,75,No
11852,2024-11,28,Female,85726,,,59,Yes
11853,2024-01,37,Female,95840,64,37194,10,No
11854,2024-10,22,Male,,28,10744,33,No
11855,2024-12,36,Male,59788,86,4296,78,No
11856,2024-06,39,Female,19747,56,42091,,No
11857,2024-02,36,,89822,59,10553,8,No
11858,2024-03,64,Male,15045,5,29028,33,Yes
11859,2024-01,33,Male,110278,54,19148,7,No
11860,2024-09,41,Male,22758,44,18931,34,No
11861,2024-08,58,Female,38437,42,1035,71,No
11862,2024-12,21,Male,34585,72,48969,7,No
11863,2024-02,32,Male,113759,102,,41,Yes
11864,2024-12,42,Female,24854,92,44993,,No
11865,2024-11,61,Female,67076,57,7381,100,No
11866,2024-08,52,Male,71950,47,,55,
11867,2024-12,31,Male,32349,76,19981,,
11868,2024-09,36,Female,111228,25,42735,84,Yes
11869,2024-01,55,Male,36348,102,36341,18,Yes
11870,2024-05,53,Male,49296,44,49231,109,Yes
11871,2024-08,24,Female,116280,15,1525,43,No
11872,2024-11,47,Male,34455,108,31369,105,Yes
11873,2024-02,36,Female,,105,35319,78,Yes
11874,2024-04,42,,69021,51,,40,No
11875,2024-07,33,Male,86923,,4121,53,No
11876,2024-03,64,Male,115825,34,31066,14,Yes
11877,2024-12,57,Female,,109,21447,21,No
11878,2024-05,25,Female,114430,77,14905,113,No
11879,2024-08,35,,103552,8,,57,No
11880,2024-12,45,Female,61116,77,36591,91,
11881,2024-10,33,Male,55484,100,,46,Yes
11882,2024-03,36,Female,45215,70,,26,No
11883,2024-04,59,Male,96638,102,39703,91,
11884,2024-09,34,Female,18404,96,48760,24,No
11885,2024-07,62,Male,52260,21,,5,No
11886,2024-01,30,Male,115647,108,20229,42,No
11887,2024-12,24,Female,80642,108,28930,102,Yes
11888,2024-04,,Female,95731,113,39084,92,No
11889,2024-04,27,Male,,7,,106,
11890,2024-09,51,Male,107689,90,36692,43,No
11891,2024-06,53,Female,44605,79,15128,32,No
11892,2024-09,42,Female,68205,56,45129,88,Yes
11893,2024-12,,Male,52569,49,13001,6,No
11894,2024-06,,Male,20580,42,30631,74,No
11895,2024-06,35,Male,20400,,,110,No
11896,2024-05,40,,54643,52,,116,Yes
11897,2024-05,23,Female,111185,102,3312,67,No
11898,2024-02,46,Female,111032,105,33312,7,No
11899,2024-08,42,Female,101173,79,27826,29,No
11900,2024-08,34,Male,54015,112,9902,34,No
11901,2024-11,63,Female,86713,53,26825,,No
11902,2024-01,41,Female,87805,,42053,81,No
11903,2024-08,28,Male,29974,16,26500,,No
11904,2024-05,,Male,29037,96,24759,58,No
11905,2024-02,51,Female,99292,37,47849,85,No
11906,2024-02,45,,31167,18,2426,31,
11907,2024-06,20,Male,103754,20,1356,73,No
11908,2024-11,28,Female,105703,46,6488,,No
11909,2024-09,55,Female,58148,2,9243,47,Yes
11910,2024-01,31,Male,87153,119,4638,77,No
11911,2024-12,43,Male,36534,87,44348,81,
11912,2024-06,38,Male,105995,94,16582,72,No
11913,2024-09,56,Female,101078,63,48138,73,No
11914,2024-08,47,Male,71879,3,33874,73,Yes
11915,2024-11,25,Male,,46,9363,40,No
11916,2024-06,37,Female,,103,38290,112,No
11917,2024-03,49,Female,27683,111,49668,116,No
11918,2024-08,39,Male,64485,49,30307,,No
11919,2024-09,24,Male,113231,1,22618,62,No
11920,2024-01,26,Female,26025,105,5649,71,No
11921,2024-12,62,Female,101426,22,,,No
11922,2024-09,18,Female,,93,2984,,No
11923,2024-06,46,Male,85097,14,25691,102,No
11924,2024-06,25,Female,113383,112,48280,5,No
11925,2024-12,21,Female,117067,92,49101,81,Yes
11926,2024-04,52,Female,107943,85,44309,104,No
11927,2024-01,20,Female,102116,45,21291,1,Yes
11928,2024-10,62,Male,90705,96,4307,80,Yes
11929,2024-08,57,Male,32116,,27148,81,
11930,2024-02,24,Female,,118,31590,94,No
11931,2024-12,44,Female,102579,65,25600,31,No
11932,2024-01,18,Female,17124,21,31449,35,No
11933,2024-02,44,Male,119956,4,,,
11934,2024-01,,,53051,3,18357,72,No
11935,2024-01,55,Female,22176,113,47480,112,No
11936,2024-09,,Male,106310,30,28350,30,No
11937,2024-01,61,Male,79818,,43467,103,No
11938,2024-04,40,Female,33676,34,2912,85,Yes
11939,2024-10,58,Female,60177,83,49361,15,No
11940,2024-06,28,Female,105296,20,3682,98,No
11941,2024-07,59,Female,15997,87,21448,56,Yes
11942,2024-02,,Male,74330,54,34282,60,No
11943,2024-06,53,Male,58769,104,17753,27,No
11944,2024-07,54,Female,117968,25,40181,2,
11945,2024-10,58,Female,,15,35995,74,No
11946,2024-10,34,Female,26231,38,3352,64,No
11947,2024-02,52,Female,110287,23,42345,5,
11948,2024-02,22,Male,87976,,19492,91,
11949,2024-10,49,Female,100447,66,1773,68,No
11950,2024-07,20,Male,70965,57,8149,111,
11951,2024-12,64,Male,96144,57,29502,13,No
11952,2024-01,52,Male,110201,79,35223,81,No
11953,2024-08,31,Male,76517,52,9278,85,No
11954,2024-11,48,Male,107693,108,25276,23,No
11955,2024-03,48,Male,109315,35,5049,97,No
11956,2024-11,,Male,110504,74,16363,50,No
11957,2024-06,41,Male,42387,14,12309,79,No
11958,2024-09,40,Female,19090,,8802,78,Yes
11959,2024-06,35,Male,39945,118,8600,73,Yes
11960,2024-09,31,Male,,14,3411,,No
11961,2024-07,,Female,18743,99,,37,Yes
11962,2024-09,32,Female,45924,33,9599,30,No
11963,2024-02,23,Female,25196,52,6163,93,No
11964,2024-12,44,Male,106815,1,30404,23,No
11965,2024-08,32,Female,83860,34,28791,34,No
11966,2024-08,,Male,56400,19,45149,119,No
11967,2024-02,25,Male,100177,24,47636,64,No
11968,2024-12,,Male,108018,106,41566,,
11969,2024-04,20,Female,113530,4,36604,71,No
11970,2024-11,64,Male,95399,36,39637,,No
11971,2024-07,30,Male,63795,77,3034,9,Yes
11972,2024-11,58,Male,,,2726,114,No
11973,2024-04,51,Female,118022,32,10085,4,
11974,2024-04,41,Female,118976,9,27760,66,No
11975,2024-06,57,Male,39111,103,27911,,No
11976,2024-10,49,Female,78083,80,33434,33,Yes
11977,2024-06,49,Female,76600,114,11402,32,No
11978,2024-10,,Female,,67,36892,44,No
11979,2024-03,30,Male,18199,116,19231,109,Yes
11980,2024-09,18,Female,65897,20,18288,110,No
11981,2024-12,51,Male,53038,74,31626,,No
11982,2024-10,32,Female,70038,62,42985,91,No
11983,2024-11,61,Male,22897,58,45869,,No
11984,2024-02,,Male,79541,22,,67,No
11985,2024-06,46,Male,,112,46298,60,No
11986,2024-12,51,Female,23271,67,3274,59,No
11987,2024-07,35,Male,118462,75,9517,36,No
11988,2024-12,,Female,39815,89,26200,49,No
11989,2024-09,46,Male,60612,106,25644,51,No
11990,2024-03,48,Female,48357,48,,,No
11991,2024-10,42,Female,,8,43418,8,No
11992,2024-03,,Female,31267,73,37007,108,No
11993,2024-07,31,Female,33268,15,48179,50,Yes
11994,2024-04,25,Female,29263,32,27185,114,Yes
11995,2024-08,44,Male,85935,53,24902,41,No
11996,2024-07,19,Female,110347,67,37732,101,No
11997,2024-05,34,Male,74660,4,,117,No
11998,2024-07,54,Female,80527,30,24625,113,No
11999,2024-03,31,Female,78379,13,45649,109,No
12000,2024-12,42,Male,109542,108,24520,38,
